time,Easting,Northing,Altitude,mark,glacier,fuffens
2017-04-07 13:12:43,654751.1915508336,7556778.437952113,1387.0951010742187,1346.5063982831916,1337.0606689453125,
2017-04-07 13:12:44,654730.5168243373,7556773.155733417,1389.60875,1344.8962000513611,1339.91064453125,
2017-04-07 13:12:45,654709.7804035423,7556768.431856207,1392.2072377929687,1343.9130919048712,1342.845458984375,
2017-04-07 13:12:46,654689.0715802527,7556763.887750225,1394.448789736328,1342.9519706023043,1345.42333984375,
2017-04-07 13:12:47,654668.2418043023,7556759.3178044725,1397.7428900683594,1343.0460175133226,1349.0537109375,
2017-04-07 13:12:48,654647.3137911159,7556754.751478232,1400.4499967578124,1342.5529259285124,1352.0130615234375,
2017-04-07 13:12:49,654626.6650355443,7556749.555960141,1403.1146185546875,1342.1954102858963,1354.929931640625,
2017-04-07 13:12:50,654606.3331937459,7556743.686709427,1405.8688680664063,1341.9272965835526,1358.0205078125,
2017-04-07 13:12:51,654586.0886391681,7556737.6449444685,1408.4699170800782,1341.3283665340239,1360.9578857421875,
2017-04-07 13:12:52,654566.0259420951,7556731.370806128,1410.923993466797,1340.582426149835,1363.748291015625,
2017-04-07 13:12:53,654546.2198784056,7556724.784504453,1413.5239461035155,1339.977971689977,1366.6845703125,
2017-04-07 13:12:54,654526.0443191706,7556718.522634702,1416.3506916308593,1339.4170679414074,1369.83349609375,
2017-04-07 13:12:55,654505.7637846607,7556712.666660563,1419.053795673828,1338.7323506653663,1372.6466064453125,
2017-04-07 13:12:56,654485.5208912566,7556707.346901337,1422.0081015234375,1338.4770189864978,1375.6409912109375,
2017-04-07 13:12:57,654465.4672525253,7556702.544398788,1424.8223287792969,1337.9033919319804,1378.4952392578125,
2017-04-07 13:12:58,654445.4978117025,7556698.028068762,1427.6119078027343,1337.3050679913692,1381.3382568359375,
2017-04-07 13:12:59,654425.4587743534,7556694.144507794,1430.2706297070313,1336.5758551742395,1384.0504150390625,
2017-04-07 13:13:00,654405.4768686128,7556690.648511651,1433.1413237988281,1336.0587025441998,1386.9744873046875,
2017-04-07 13:13:01,654385.3300605305,7556687.217671881,1435.9341251269532,1335.6419097129249,1389.8160400390625,1346.7513417811756
2017-04-07 13:13:02,654364.9931013867,7556683.457153921,1438.8444416015625,1335.1642222452317,1392.699462890625,1350.9744878453293
2017-04-07 13:13:03,654344.3956227971,7556679.606228872,1441.4951120410155,1334.6052843738803,1395.2967529296875,1354.9177100069369
2017-04-07 13:13:04,654323.7416312866,7556675.705251855,1444.3945266601563,,1398.1544189453125,1358.8722867571425
2017-04-07 13:13:05,654302.9986262312,7556671.770996577,1447.5054338964844,,1401.5723876953125,1362.8801584765224
2017-04-07 13:13:06,654282.3714938962,7556667.712775496,1449.8222024121094,,1404.2830810546875,1366.0940781264553
2017-04-07 13:13:07,654261.7403796086,7556663.720034212,1452.0977088769532,,1406.9525146484375,1369.2602034775412
2017-04-07 13:13:08,654241.1622612652,7556659.543348775,1454.0665770019532,,1409.3153076171875,1371.7671284995442
2017-04-07 13:13:09,654220.547919915,7556655.03689833,1456.3490126757813,,1411.796875,1374.385084985691
2017-04-07 13:13:10,654199.5972108529,7556650.304385399,1458.8892208007812,,1414.3095703125,1377.2606221014748
2017-04-07 13:13:11,654178.3617381302,7556645.302104135,1461.8168174316406,,1417.209716796875,1380.5238796247884
2017-04-07 13:13:12,654156.9336907002,7556639.951322117,1464.1067634863282,,1419.4630126953125,1383.1491443967916
2017-04-07 13:13:13,654135.4063250562,7556634.388729988,1466.3958550195312,,1421.7154541015625,1385.7446153957073
2017-04-07 13:13:14,654113.6899829169,7556628.534049005,1468.5974949414062,,1423.9202880859375,1387.575600585018
2017-04-07 13:13:15,654092.0575285406,7556622.562844749,1470.9214699023437,,1426.3812255859375,1389.4826587704354
2017-04-07 13:13:16,654070.4846908245,7556616.529845611,1472.8791745703124,,1428.4451904296875,1391.0234232178498
2017-04-07 13:13:17,654048.6519154165,7556610.687472364,1474.4636812597655,,1430.135986328125,1392.0868423656177
2017-04-07 13:13:18,654026.7226310014,7556605.11108328,1476.4724861132813,,1432.2864990234375,1393.1219756692926
2017-04-07 13:13:19,654004.6799286589,7556600.024401074,1478.1483787597656,,1434.09619140625,1393.0735217756774
2017-04-07 13:13:20,653982.404035952,7556595.382806671,1480.482195654297,,1436.128662109375,1393.3376445829374
2017-04-07 13:13:21,653960.0159552889,7556590.744046474,1482.3306883007813,,1437.5386962890625,1393.2926671890525
2017-04-07 13:13:22,653937.7775349182,7556585.53384666,1484.721353330078,,1439.4908447265625,1394.1896158670672
2017-04-07 13:13:23,653915.8701930804,7556579.81927579,1486.588700673828,,1440.919677734375,1394.7475572589053
2017-04-07 13:13:24,653894.7227755149,7556574.384547764,1488.447328310547,,1442.2923583984375,1395.1331155121838
2017-04-07 13:13:25,653874.0903532093,7556569.5802052505,1490.7417927832032,,1443.8250732421875,1395.7466593588522
2017-04-07 13:13:26,653854.099046997,7556565.170287442,1493.1335163671874,,1445.208984375,1396.0471456089908
2017-04-07 13:13:27,653834.6033180967,7556560.780866162,1495.522675751953,,1446.59033203125,1396.1709356788172
2017-04-07 13:13:28,653815.3391632349,7556555.328522935,1497.833402705078,,1448.0931396484375,1396.2163988005193
2017-04-07 13:13:29,653796.4040589748,7556547.302043311,1500.4978314648438,,1449.73291015625,1396.42748363031
2017-04-07 13:13:30,653777.9567692985,7556535.56843889,1503.1868609375,,1451.3951416015625,1396.4595194580002
2017-04-07 13:13:31,653761.1843319117,7556519.936574532,1505.6103672949218,,1452.9971923828125,1396.4153775528086
2017-04-07 13:13:32,653746.2367638475,7556500.237470861,1508.4612881054688,,1454.8212890625,1397.607350285478
2017-04-07 13:13:33,653734.2412429224,7556477.222194518,1511.3612104101562,,1456.33203125,1399.2053633176054
2017-04-07 13:13:34,653728.0606252009,7556450.472106532,1514.2651846484375,,1457.746337890625,1401.2951813198013
2017-04-07 13:13:35,653727.3880272896,7556420.614941189,1516.7383006787109,,1458.3779296875,
2017-04-07 13:13:36,653729.5468709385,7556390.571406638,1520.3536513532365,,1458.6099853515625,
2017-04-07 13:13:37,653737.6182856289,7556360.2543905685,1523.83537703125,,1459.2105712890625,
2017-04-07 13:13:38,653753.0136893723,7556331.050108149,1525.3220450976562,,1459.1204833984375,
2017-04-07 13:13:39,653778.4392449027,7556306.098652513,1525.920654609375,,1458.142333984375,
2017-04-07 13:13:40,653806.7562504674,7556285.871787555,1525.6571288085938,,1456.32373046875,
2017-04-07 13:13:41,653836.4086488518,7556267.953958985,1525.3438476757813,,1454.47802734375,
2017-04-07 13:13:42,653858.3558207226,7556255.877242862,1525.4818605273438,,1453.0836181640625,
2017-04-07 13:13:43,653920.0239587761,7556250.825779932,1521.4836170214844,,1448.1295166015625,
2017-04-07 13:13:44,653960.3533404348,7556247.287148115,1519.2992441601561,,1445.3712158203125,
2017-04-07 13:13:45,653999.8337782805,7556245.94576988,1516.7109382324218,,1442.314453125,
2017-04-07 13:13:46,654041.1348286425,7556247.91690846,1513.5554920800782,1387.4456054821208,1439.3673095703125,
2017-04-07 13:13:47,654082.1420886858,7556252.802228416,1510.074609873047,1389.7435639264584,1436.21484375,
2017-04-07 13:13:48,654124.1887311081,7556259.726546178,1505.6742184570312,1392.8296293528276,1432.142578125,
2017-04-07 13:13:49,654167.0451103558,7556267.908213159,1502.0267814355468,1397.6382826178424,1428.8238525390625,
2017-04-07 13:13:50,654210.585455291,7556277.517656805,1497.7536374609374,1400.060334252243,1424.7877197265625,
2017-04-07 13:13:51,654254.5138606377,7556288.003353107,1493.47815140625,1401.1925204874408,1420.4674072265625,
2017-04-07 13:13:52,654299.365406098,7556298.554658452,1489.0205315820313,1401.7807348125093,1415.9561767578125,
2017-04-07 13:13:53,654345.0399577874,7556309.09066961,1483.8793934765624,1402.5950102282502,1410.57421875,
2017-04-07 13:13:54,654407.479521405,7556322.367910902,1478.6359864453125,1404.7777037394565,1404.420166015625,
2017-04-07 13:13:56,654487.0640499699,7556338.813160471,1470.4581540917968,1411.6285846225328,1394.603271484375,
2017-04-07 13:13:57,654535.5693994354,7556347.415852376,1465.8576454101562,1411.695644315441,1389.4566650390625,
2017-04-07 13:15:28,654597.6033548997,7556911.390982341,1413.6260748925781,1372.5636570255833,1348.8486328125,
2017-04-07 13:15:29,654571.9027244432,7556908.65427266,1415.8059328125,1370.5993434820532,1352.1805419921875,
2017-04-07 13:15:30,654546.1323369243,7556905.913612854,1417.4242671679688,1367.3553173560992,1355.148681640625,
2017-04-07 13:15:31,654520.2027973916,7556903.201109313,1420.1929675195313,1366.0000432402505,1358.390625,
2017-04-07 13:15:32,654494.4318905585,7556900.526503621,1423.1378413867187,1365.7421754039726,1361.450927734375,
2017-04-07 13:15:33,654469.0111158448,7556897.788948644,1426.4824215234376,1365.8828182129075,1364.9501953125,
2017-04-07 13:15:34,654443.5917844133,7556895.201559897,1429.5629876660157,1365.2035262086008,1367.89599609375,
2017-04-07 13:15:35,654418.3577722413,7556892.906517773,1434.0766842773437,1365.7713236524696,1371.9708251953125,
2017-04-07 13:15:36,654393.3340498304,7556890.895955082,1436.8202627734374,1364.3903971834995,1375.143310546875,
2017-04-07 13:15:37,654368.4983504125,7556889.074866305,1438.769725654297,1362.217143337239,1378.2822265625,
2017-04-07 13:15:38,654344.0106734503,7556887.284313736,1440.5519055078125,1360.0569200096656,1381.260498046875,
2017-04-07 13:15:39,654319.6882642616,7556885.363456149,1442.2381591210938,1357.8008891350576,1384.3875732421875,
2017-04-07 13:15:40,654295.6633421294,7556883.207849633,1444.3880948242188,1356.0085988923058,1387.977294921875,
2017-04-07 13:15:41,654272.0560373247,7556881.030749175,1446.32656203125,1354.184445215393,1391.10107421875,
2017-04-07 13:15:42,654248.7006295032,7556879.028198631,1447.48512703125,1351.7675687003957,1393.438232421875,
2017-04-07 13:15:43,654225.648921626,7556876.978543798,1449.8609805371093,1351.2851955593164,1396.9373779296875,1369.7423707468165
2017-04-07 13:15:44,654202.7184625877,7556874.599258532,1451.668646875,,1399.7269287109375,1372.753385037361
2017-04-07 13:15:45,654179.8759371263,7556871.804042682,1453.2973588671875,,1402.3375244140625,1376.2724513002677
2017-04-07 13:15:46,654157.3173663684,7556868.707674748,1455.750126923828,,1405.48193359375,1381.1630384896946
2017-04-07 13:15:47,654134.5502117551,7556865.355514248,1457.1903287597656,,1407.4959716796875,1385.625270029815
2017-04-07 13:15:48,654111.7226823183,7556861.784539677,1459.5964706933594,,1410.4759521484375,1390.681877970958
2017-04-07 13:15:49,654088.9186977777,7556858.112173844,1461.5128275292968,,1412.8245849609375,1394.4572222987376
2017-04-07 13:15:50,654066.2728824604,7556854.018737209,1463.8310988378905,,1415.0294189453125,1398.2855915881441
2017-04-07 13:15:51,654043.7954423068,7556849.392443123,1466.2211779003906,,1417.2657470703125,1401.7671206249483
2017-04-07 13:15:52,654021.3843419148,7556844.592407874,1468.8727293457032,,1419.7635498046875,1404.4700621211568
2017-04-07 13:15:53,653999.157118508,7556839.70059128,1471.1021799609375,,1421.877685546875,1406.5416982700272
2017-04-07 13:15:54,653977.026441371,7556834.889673543,1473.5011817285156,,1424.161376953125,1408.782890621935
2017-04-07 13:15:55,653954.9813012034,7556830.168365579,1475.722139111328,,1426.196533203125,1410.8459738820438
2017-04-07 13:15:56,653933.1317385201,7556825.393416791,1478.181519111328,,1428.4449462890625,1413.1829890910358
2017-04-07 13:15:57,653911.2108807963,7556820.464562234,1480.311553408203,,1430.364013671875,1415.3521904553013
2017-04-07 13:15:58,653889.0890409088,7556815.327196314,1482.2704160644532,,1432.1119384765625,1417.3759524261952
2017-04-07 13:15:59,653867.0573364461,7556810.260965411,1484.5263101464843,,1434.143798828125,1419.7183175838452
2017-04-07 13:16:00,653844.6459956601,7556805.106644537,1486.7720473046875,,1435.7899169921875,1422.0502079395142
2017-04-07 13:16:01,653822.0201436013,7556799.677456413,1489.501543203125,,1437.8076171875,1424.8657620941926
2017-04-07 13:16:02,653799.1270598515,7556794.035809288,1491.7860346875,,1439.38037109375,1427.2363093439635
2017-04-07 13:16:03,653776.2351890681,7556787.963680663,1494.8699645507813,,1441.4757080078125,1430.384148501624
2017-04-07 13:16:04,653753.4815139557,7556780.926115213,1498.0866996679688,,1443.23291015625,1433.4469134086164
2017-04-07 13:16:05,653731.2074777264,7556771.894709341,1501.2511283984375,,1445.1651611328125,1436.0863563639678
2017-04-07 13:16:06,653709.452034594,7556759.69186735,1504.3611131445311,,1447.234375,1438.7696297893308
2017-04-07 13:16:07,653688.8519628138,7556744.37439805,1507.2206424804688,,1449.6640625,1441.2031294879723
2017-04-07 13:16:08,653670.0671171626,7556725.438644019,1510.4281931542969,,1452.592529296875,1443.878365257803
2017-04-07 13:16:09,653654.1371924265,7556702.815675779,1513.673755966797,,1455.5316162109375,1446.1964711602002
2017-04-07 13:16:10,653641.437135115,7556677.08037228,1516.4871683203125,,1458.48486328125,1447.290744424446
2017-04-07 13:16:11,653632.6716231868,7556648.677541246,1518.589018671875,,1460.8096923828125,1447.49578916512
2017-04-07 13:16:12,653628.2656476024,7556617.9322055,1520.3329786621093,,1462.689208984375,1445.1355404657675
2017-04-07 13:16:13,653628.091418314,7556585.754443515,1522.014991142578,,1463.9091796875,1442.5379624085992
2017-04-07 13:16:14,653631.9122564871,7556552.710656939,1523.110195576172,,1464.4306640625,1441.5418240342008
2017-04-07 13:16:15,653639.5927341214,7556519.429576223,1523.3377438183593,,1464.084228515625,1439.5037303219628
2017-04-07 13:16:16,653650.9244531962,7556486.882004669,1523.5930173144532,,1463.765869140625,1431.8128536319123
2017-04-07 13:16:17,653666.1204841706,7556455.661360097,1523.861377421875,,1462.957275390625,
2017-04-07 13:16:18,653685.7522048107,7556425.811258665,1524.083667265625,,1461.7469482421875,
2017-04-07 13:16:19,653711.0318892824,7556396.8986551445,1523.7134271191405,,1460.182861328125,
2017-04-07 13:16:20,653739.1127774302,7556370.186067823,1523.1687989453126,,1458.420166015625,
2017-04-07 13:16:21,653770.5130311779,7556345.610964551,1523.3395504492187,,1457.07373046875,
2017-04-07 13:16:22,653804.7290178975,7556323.461706279,1523.2381587109376,,1455.4530029296875,
2017-04-07 13:16:23,653841.3127246292,7556303.97378654,1522.5432612304687,,1453.26611328125,
2017-04-07 13:16:24,653880.0392614676,7556287.161911504,1521.231103828125,,1450.479736328125,
2017-04-07 13:16:25,653920.4951813299,7556272.917130167,1519.4126710742187,,1447.4891357421875,
2017-04-07 13:16:26,653962.4321042083,7556261.411935467,1517.245678798828,,1444.6058349609375,
2017-04-07 13:16:27,654005.412009051,7556253.238214731,1515.1535156835937,,1441.634765625,
2017-04-07 13:16:28,654049.5461967046,7556248.346497867,1512.6338881835939,,1438.70263671875,
2017-04-07 13:16:29,654094.7541079922,7556246.385550943,1509.4242922851563,,1435.5194091796875,
2017-04-07 13:16:30,654140.5427546706,7556247.054271457,1506.1307371289063,1387.9441168562976,1432.2615966796875,
2017-04-07 13:16:31,654186.4149907101,7556250.528875688,1502.8781755273437,1388.8458600809593,1428.927001953125,
2017-04-07 13:16:32,654232.5185490258,7556256.153349277,1499.850829375,1391.5976937033947,1424.930908203125,
2017-04-07 13:16:33,654278.94136918,7556262.7530380385,1497.6401844042969,1396.9843682052845,1421.645263671875,
2017-04-07 13:16:34,654325.7259401247,7556269.852921791,1494.5507310546875,1404.236486846255,1417.432373046875,
2017-04-07 13:16:35,654372.6695631084,7556277.506399336,1491.3053702148438,1410.6031129361465,1412.63623046875,
2017-04-07 13:16:36,654419.664741687,7556285.46351111,1489.137183671875,1415.4859644659448,1408.9578857421875,
2017-04-07 13:16:37,654466.846263336,7556293.170496518,1487.1728556640626,1419.6660446515275,1405.90185546875,
2017-04-07 13:16:38,654514.3807853949,7556300.300257186,1485.2325672070313,1425.5095368070306,1402.884521484375,
2017-04-07 13:18:04,654780.588270943,7556743.3309294395,1387.5972773242188,1355.8869179235344,1335.310791015625,
2017-04-07 13:18:05,654755.7970709981,7556737.435163974,1390.2053900976562,1354.5571928682941,1338.539794921875,
2017-04-07 13:18:06,654731.3560841468,7556731.532649206,1392.5070017773437,1351.813516938637,1341.876220703125,
2017-04-07 13:18:07,654707.1428455473,7556725.681557946,1394.856688984375,1349.4817955294038,1345.2607421875,
2017-04-07 13:18:08,654683.1119220076,7556719.822947921,1397.5708106640625,1348.0711564487492,1348.802734375,
2017-04-07 13:18:09,654659.4372712581,7556713.508428967,1399.5521296875,1346.1095134691366,1351.818359375,
2017-04-07 13:18:10,654635.8193011703,7556706.832313653,1402.1155162011719,1344.729929665508,1355.404052734375,
2017-04-07 13:18:11,654611.8662924434,7556699.733563806,1404.888814560547,1343.5601077851877,1358.9898681640625,
2017-04-07 13:18:12,654587.8341183836,7556692.90186514,1407.5537938476562,1342.6505879487147,1362.6705322265625,
2017-04-07 13:18:13,654564.0446365855,7556686.047534763,1409.3623375195311,1341.26478209928,1365.4947509765625,
2017-04-07 13:18:14,654540.6056819775,7556679.064703552,1411.9180765625,1340.804378121231,1369.066162109375,
2017-04-07 13:18:15,654517.2964057481,7556672.192909577,1414.682357138672,1340.7295738893413,1372.7537841796875,
2017-04-07 13:18:16,654494.0861079494,7556665.477126501,1416.8995572460938,1339.9303457790209,1375.6463623046875,
2017-04-07 13:18:17,654470.7184064615,7556659.107951709,1419.8783070410157,1339.8927037121068,1379.3441162109375,
2017-04-07 13:18:18,654447.6051397768,7556653.044610017,1421.9441843212892,1338.9428576317111,1382.9215087890625,
2017-04-07 13:18:19,654424.7034424989,7556647.069130139,1423.0706444335938,1337.0536067713026,1385.86669921875,
2017-04-07 13:18:20,654402.0040997145,7556641.218391539,1425.5187695605468,1336.4856150580433,1389.4140625,
2017-04-07 13:18:21,654379.661882628,7556635.595364616,1427.6237358789062,1335.5802375264398,1392.2247314453125,1341.934364228344
2017-04-07 13:18:22,654357.6291827513,7556629.94431929,1430.40979421875,1335.7142900907265,1395.716552734375,1345.925227978952
2017-04-07 13:18:23,654335.9754135192,7556624.3911673045,1432.5334373242188,1335.186022910366,1398.5458984375,1349.9418365647443
2017-04-07 13:18:24,654314.2523455155,7556618.534367946,1434.318871953125,1334.8501447791925,1401.2091064453125,1353.7926400672784
2017-04-07 13:18:25,654292.7680221326,7556612.429883129,1437.5280950585939,,1404.679443359375,1359.4641519165307
2017-04-07 13:18:26,654271.3992144845,7556606.323161706,1440.0701509863281,,1407.0970458984375,1365.0284904553293
2017-04-07 13:18:27,654250.3604087841,7556600.255172595,1442.8643850878907,,1409.725341796875,1370.4653121860167
2017-04-07 13:18:28,654229.3753692112,7556594.1063166475,1444.9014996679687,,1412.1031494140625,1373.9652574750455
2017-04-07 13:18:29,654208.0615140216,7556588.012804314,1447.5523829882814,,1415.268310546875,1377.7289351279794
2017-04-07 13:18:30,654186.9023473322,7556582.022411631,1449.3870460742187,,1417.6173095703125,1380.835299650257
2017-04-07 13:18:31,654165.7903441023,7556576.119316611,1451.1359466796875,,1419.906005859375,1382.3612822854386
2017-04-07 13:18:32,654144.5817561471,7556570.191867141,1452.37291515625,,1422.0269775390625,1382.4963804525376
2017-04-07 13:18:33,654123.2643145804,7556564.211252751,1455.4216265039063,,1424.6685791015625,1384.4420147406427
2017-04-07 13:18:34,654102.5302553801,7556557.778853618,1458.5996534570313,,1426.6597900390625,1386.3586473906619
2017-04-07 13:18:35,654081.7218623796,7556550.892675469,1462.4047414599609,,1428.6785888671875,1388.695540521829
2017-04-07 13:18:36,654060.3397311093,7556544.178262257,1465.5595215429687,,1430.5478515625,1389.9356698063316
2017-04-07 13:18:37,654038.4602579346,7556537.761980024,1467.8756062890625,,1432.818115234375,1389.9845600663507
2017-04-07 13:18:38,654016.1994944382,7556531.575856341,1469.6543546484374,,1434.5625,1389.496217724907
2017-04-07 13:18:39,653993.7980584657,7556525.400232809,1471.417934189453,,1436.2886962890625,1389.5732953686388
2017-04-07 13:18:40,653971.3917896262,7556519.187060252,1473.6193605273438,,1438.3922119140625,1390.5144959844095
2017-04-07 13:18:41,653948.6747316225,7556512.78688795,1475.4238728613282,,1440.0855712890625,1391.2160728313515
2017-04-07 13:18:42,653926.0056061598,7556506.0526786065,1477.4128312402345,,1441.96337890625,1392.1021780383894
2017-04-07 13:18:43,653903.2075322145,7556499.1330161095,1479.4609029101562,,1443.9002685546875,1392.887855746151
2017-04-07 13:18:44,653880.412868693,7556491.979660426,1481.2105134570313,,1445.5665283203125,1393.5230996291161
2017-04-07 13:18:45,653857.7010466089,7556485.018762153,1483.0190379980468,,1447.2803955078125,1394.215919695646
2017-04-07 13:18:46,653834.9804342757,7556478.319751965,1484.9312396777343,,1449.046875,1394.8529967312297
2017-04-07 13:18:47,653812.142556037,7556471.707585081,1486.8335257128906,,1450.803466796875,1395.2997362145893
2017-04-07 13:18:48,653789.8828402238,7556464.6713785585,1488.500337001953,,1452.3245849609375,1395.0772432528297
2017-04-07 13:18:49,653768.2754268562,7556456.147998794,1491.1946773828124,,1454.47119140625,1395.6959247442906
2017-04-07 13:18:50,653746.6597734301,7556446.182170291,1494.1329405273436,,1456.220947265625,1396.5579866782289
2017-04-07 13:18:51,653725.1520167647,7556434.76211175,1497.3662595703124,,1458.028076171875,1397.8878146719935
2017-04-07 13:18:52,653704.6212025101,7556420.8722804105,1500.8835309179688,,1460.1126708984375,1399.5016327154783
2017-04-07 13:18:53,653685.876518885,7556403.73698303,1504.4170656640624,,1462.1771240234375,1401.823501586502
2017-04-07 13:18:54,653669.6258630658,7556383.220632924,1507.3883529101563,,1463.9202880859375,
2017-04-07 13:18:55,653656.5672528497,7556359.645876817,1510.4011770507811,,1465.7169189453125,
2017-04-07 13:18:56,653647.8230402654,7556332.911242197,1513.5866997851563,,1467.4638671875,
2017-04-07 13:18:57,653644.2496616793,7556303.442502674,1515.7521381445313,,1468.193115234375,
2017-04-07 13:18:58,653646.4373228876,7556272.782647626,1517.8213572460938,,1469.130859375,
2017-04-07 13:18:59,653654.2080554632,7556242.681540439,1518.89486921875,,1469.1099853515625,
2017-04-07 13:19:00,653667.0556822715,7556214.700941633,1519.8681591796876,,1468.9888916015625,
2017-04-07 13:19:01,653684.244257646,7556190.089178941,1520.3533295654297,,1468.011474609375,
2017-04-07 13:19:02,653705.455517541,7556169.838668841,1522.4817246289062,,1467.4835205078125,
2017-04-07 13:19:03,653729.1972335204,7556152.745803013,1526.2743231640625,,1466.91162109375,
2017-04-07 13:19:04,653754.6889424189,7556139.278979904,1527.9878680859374,,1466.0853271484375,
2017-04-07 13:19:05,653782.630149649,7556133.769140111,1527.1852051171875,,1465.545166015625,
2017-04-07 13:19:06,653811.057886488,7556135.565040499,1523.8025147070312,,1463.2435302734375,
2017-04-07 13:19:07,653839.4737653174,7556141.1813066425,1520.4886717773438,,1461.1162109375,
2017-04-07 13:19:08,653872.5609696223,7556144.118536731,1516.8156543945313,,1458.867431640625,
2017-04-07 13:19:09,653905.1806039683,7556150.127863937,1512.7736037304687,,1456.366943359375,
2017-04-07 13:19:10,653938.6702471406,7556157.734932849,1508.2512108203125,,1453.7569580078125,
2017-04-07 13:19:11,653973.228961776,7556166.361731136,1503.2952345703125,,1450.71337890625,
2017-04-07 13:19:12,654008.2849263379,7556176.264334025,1498.229033276367,,1447.58056640625,
2017-04-07 13:19:13,654044.7040134765,7556186.483297539,1492.8672554492186,,1444.164794921875,
2017-04-07 13:19:14,654082.3401151563,7556197.9370331615,1488.7046156054687,1416.536032146534,1441.1226806640625,
2017-04-07 13:19:15,654121.8610062974,7556208.652248967,1485.9910400976562,1415.9680941231163,1437.7225341796875,
2017-04-07 13:19:16,654161.2306098134,7556221.47544767,1482.910740517578,1416.1041280155582,1433.951416015625,
2017-04-07 13:19:17,654200.105482685,7556235.131119785,1479.4654819921875,1414.7071671453857,1429.8153076171875,
2017-04-07 13:19:18,654239.4280415818,7556248.027655298,1476.5851361132814,1413.1267248877602,1426.05615234375,
2017-04-07 13:19:19,654280.0054497336,7556261.234319524,1473.1183209277344,1410.959844224165,1421.645263671875,
2017-04-07 13:19:20,654322.1227388276,7556274.374981498,1469.142098642578,1408.4510525742405,1416.9052734375,
2017-04-07 13:19:21,654364.935745404,7556286.7059766045,1466.0950384765624,1406.8971101917343,1412.551513671875,
2017-04-07 13:19:22,654408.5876566066,7556298.058022249,1464.8357404492187,1407.1334807276146,1407.625,
2017-04-07 13:19:23,654452.5475151541,7556309.288891293,1464.477971983817,1408.6151751497507,1402.58447265625,
2017-04-07 13:19:24,654497.3783870564,7556318.484578544,1464.1136241601562,1411.2701322600967,1398.926025390625,
2017-04-07 13:19:25,654543.2207151338,7556324.127121405,1464.3483294804687,1415.4508242242052,1396.565673828125,
2017-04-07 13:19:26,654589.332683248,7556327.614075808,1462.806054555664,1416.4188337786659,1392.42822265625,
2017-04-07 13:19:27,654635.5964875496,7556328.404580217,1462.6481446484374,,1389.963623046875,
2017-04-07 13:19:28,654682.1208218443,7556326.4396067215,1464.6257584179687,,1390.4993896484375,
2017-04-07 13:20:55,654821.2604180465,7556648.4911256805,1384.0268277539062,1348.8678829380428,1335.719970703125,
2017-04-07 13:20:56,654796.0913127959,7556639.678496668,1386.257171298828,1348.9595611526813,1338.3677978515625,
2017-04-07 13:20:57,654770.8997821237,7556631.06143621,1388.464570546875,1347.7807309563202,1341.1318359375,
2017-04-07 13:20:58,654745.8735293701,7556622.660618798,1390.8096047558595,1346.9242095801296,1344.0335693359375,
2017-04-07 13:20:59,654721.1452810889,7556614.886723161,1393.3266941601562,1346.2482774380455,1347.1072998046875,
2017-04-07 13:21:00,654696.847074374,7556607.232631798,1395.917188466797,1345.0834762137745,1350.160888671875,
2017-04-07 13:21:01,654672.638042303,7556599.780812682,1398.9505474023438,1344.3628943962913,1353.495361328125,
2017-04-07 13:21:02,654648.4261999682,7556592.722384866,1402.1811079882812,1344.3864702219505,1357.0269775390625,
2017-04-07 13:21:03,654624.1704982936,7556585.867588188,1404.695453017578,1344.4537516581847,1359.8424072265625,
2017-04-07 13:21:04,654599.8566696178,7556579.33729082,1408.0916362109374,1345.758669591232,1363.5396728515625,
2017-04-07 13:21:05,654575.6450394186,7556572.270223871,1411.5558846386718,1344.3965010481265,1367.2906494140625,
2017-04-07 13:21:06,654551.3354150462,7556564.794810679,1414.9919233007813,1342.9947187487373,1370.999267578125,
2017-04-07 13:21:07,654526.8172673557,7556557.410100394,1418.5825359960938,1344.5005690050036,1374.7943115234375,
2017-04-07 13:21:08,654502.4771571788,7556550.204906578,1422.039721328125,1345.8775871312994,1378.4559326171875,
2017-04-07 13:21:09,654478.160092157,7556542.963887672,1425.3388487695313,1347.7496086897215,1382.369140625,
2017-04-07 13:21:10,654454.0262422636,7556535.874589743,1427.1677434375,1348.7068506425323,1385.289794921875,
2017-04-07 13:21:11,654429.9529881955,7556528.648708819,1429.8849808007812,1350.5524479267006,1389.11572265625,
2017-04-07 13:21:12,654406.1586579217,7556521.496009026,1432.386660625,1352.4653774011535,1392.72607421875,
2017-04-07 13:21:13,654382.5876627336,7556514.235227808,1434.7023539453126,1354.429044828087,1396.131103515625,
2017-04-07 13:21:14,654359.1647396608,7556506.721362034,1436.5606200585937,1355.9349077055701,1399.0279541015625,
2017-04-07 13:21:15,654336.0803781612,7556499.452825124,1438.751098359375,1357.353625080157,1402.2515869140625,
2017-04-07 13:21:16,654313.16898185,7556492.157435903,1441.2288573632813,1358.3055520471262,1405.730712890625,
2017-04-07 13:21:17,654290.4572561524,7556485.089640863,1443.1897560644531,1358.4008298093459,1408.223876953125,
2017-04-07 13:21:18,654267.8879264456,7556478.096158171,1445.873858095703,1359.2163873824252,1411.384521484375,
2017-04-07 13:21:19,654245.4471147875,7556471.466469431,1447.8097610058594,1358.6876930663307,1413.7969970703125,
2017-04-07 13:21:20,654223.2452170631,7556464.935606615,1450.2012594140624,1358.0607253266066,1416.6650390625,
2017-04-07 13:21:21,654201.3558312337,7556458.676565167,1452.2411125488281,1357.2618600809574,1419.028564453125,
2017-04-07 13:21:22,654179.8422890173,7556452.683753828,1454.3577140820312,1356.548350403904,1421.29150390625,
2017-04-07 13:21:23,654158.617914808,7556446.652300786,1456.2907665429689,1356.0381415147338,1423.4085693359375,
2017-04-07 13:21:24,654137.6192737427,7556440.531578497,1458.045072578125,1356.1036522816187,1425.9486083984375,
2017-04-07 13:21:25,654116.7241506595,7556434.492147171,1459.174990234375,1355.7153873567902,1427.95263671875,
2017-04-07 13:21:26,654096.0893163125,7556428.487257951,1460.6310690136718,1355.4842736943858,1430.1080322265625,
2017-04-07 13:21:27,654075.6464185747,7556422.6064180145,1462.386255029297,1355.5510158547834,1432.0968017578125,
2017-04-07 13:21:28,654055.4184448279,7556416.991495748,1464.3015385839844,1355.7737545122006,1433.8011474609375,1362.6042710329039
2017-04-07 13:21:29,654035.2741543576,7556411.672052736,1466.4160408007813,1356.1953613000878,1435.7574462890625,1365.1413134746972
2017-04-07 13:21:30,654015.1629317512,7556406.616974482,1468.303877216797,1356.7287699113676,1437.456787109375,1367.4516644777739
2017-04-07 13:21:31,653995.1632177321,7556401.5687451055,1470.4606152636718,,1439.21435546875,1370.5573115025172
2017-04-07 13:21:32,653975.0270260391,7556396.57804252,1472.5306985351563,,1440.8629150390625,1374.3192665785516
2017-04-07 13:21:33,653954.7894800146,7556391.759348232,1474.8652151367187,,1442.77587890625,1378.3566814522787
2017-04-07 13:21:34,653934.5257495753,7556387.201466379,1476.6440429980469,,1444.17138671875,1381.8140665328365
2017-04-07 13:21:35,653914.1441987632,7556382.97381655,1478.4833834960937,,1445.8074951171875,1384.5448414753303
2017-04-07 13:21:36,653893.573553484,7556379.156414997,1480.1482467773437,,1447.2908935546875,1386.252215279499
2017-04-07 13:21:37,653873.001740255,7556375.357836784,1482.2359616210938,,1449.1971435546875,1388.3826078405036
2017-04-07 13:21:38,653852.5651667435,7556371.520705099,1484.5041653613282,,1450.8145751953125,1390.6821334894428
2017-04-07 13:21:39,653832.6957614208,7556367.736438045,1487.2146630273437,,1452.3382568359375,1392.9248749377937
2017-04-07 13:21:40,653813.9546461317,7556363.692138748,1490.9858885839844,,1453.54541015625,1395.2199590775026
2017-04-07 13:21:41,653796.3694739342,7556359.042959356,1495.6378701289063,,1454.8895263671875,1398.2239934292381
2017-04-07 13:21:42,653779.5640161943,7556352.942259352,1501.9570113547586,,1456.2418212890625,1398.5986732904125
2017-04-07 13:21:43,653764.2922786314,7556344.83582534,1509.534671126302,,1457.494384765625,1400.0535146912312
2017-04-07 13:21:44,653751.0582317096,7556333.611323367,1515.8045557128905,,1459.1204833984375,1404.0450478459763
2017-04-07 13:21:45,653740.125210651,7556318.844350782,1520.8710453738838,,1460.184326171875,1406.4760893405423
2017-04-07 13:21:46,653732.2139777837,7556300.652945561,1526.1996342089844,,1461.5098876953125,1408.7791054858067
2017-04-07 13:21:47,653728.0624707851,7556279.746129856,1531.261174171317,,1462.55908203125,1411.8788008976958
2017-04-07 13:21:48,653728.9765987482,7556257.166606185,1535.8264556696429,,1462.7982177734375,
2017-04-07 13:21:49,653735.8809892298,7556234.130921892,1540.295170189732,,1462.9410400390625,
2017-04-07 13:21:50,653749.3981994812,7556212.109176586,1543.8739992968751,,1462.5159912109375,
2017-04-07 13:21:51,653768.9615930978,7556192.210018285,1546.7868884179688,,1461.7396240234375,
2017-04-07 13:21:52,653794.0776785981,7556175.780626186,1549.5414210507813,,1461.1302490234375,
2017-04-07 13:21:53,653823.665089162,7556162.821934536,1551.1761280351564,,1460.2762451171875,
2017-04-07 13:21:54,653856.9176999035,7556153.529313573,1548.2498881640624,,1459.2110595703125,
2017-04-07 13:21:55,653893.1227649123,7556148.29095934,1544.071605625,,1457.6951904296875,
2017-04-07 13:21:56,653931.8131087094,7556147.425521243,1539.6009057226563,,1455.5557861328125,
2017-04-07 13:21:57,653972.1953209734,7556150.913625781,1534.04852534375,,1452.590087890625,
2017-04-07 13:21:58,654013.6461289523,7556158.6992898155,1528.3760269433594,1429.4519916953616,1449.553955078125,
2017-04-07 13:21:59,654055.6392686217,7556169.692788277,1521.9462666552733,1439.9251141860823,1445.4830322265625,
2017-04-07 13:23:20,654899.561006936,7556608.655060002,1380.8068450585938,,1329.391845703125,
2017-04-07 13:23:21,654873.7354683621,7556602.368066441,1381.4649318164063,,1331.004638671875,
2017-04-07 13:23:22,654848.5912518429,7556596.038138036,1383.0867817578126,1343.721706785899,1333.3902587890625,
2017-04-07 13:23:23,654824.1055368113,7556589.289290092,1384.6379341601562,1343.324200702933,1335.8961181640625,
2017-04-07 13:23:24,654800.4327457183,7556581.47526418,1386.5630065527344,1342.414617199583,1338.77587890625,
2017-04-07 13:23:25,654777.3543203915,7556573.435077388,1388.9033645800782,1341.921610219576,1341.8800048828125,
2017-04-07 13:23:26,654754.7875996418,7556565.379120011,1390.6292183984374,1341.1980924896875,1344.36962890625,
2017-04-07 13:23:27,654732.4081221255,7556557.465753174,1393.0245348046874,1341.5078320748544,1347.7042236328125,
2017-04-07 13:23:28,654710.2342193323,7556549.564986632,1394.688441123047,1340.7276665964948,1350.1988525390625,
2017-04-07 13:23:29,654688.5911587963,7556541.911784598,1396.765141220703,1340.1521319544456,1352.9151611328125,
2017-04-07 13:23:30,654667.1173588398,7556534.409442063,1399.356855966797,1340.2941405400404,1356.146484375,
2017-04-07 13:23:31,654645.9300210647,7556526.971351784,1401.4890980566406,1340.1656332236169,1358.9183349609375,
2017-04-07 13:23:32,654625.1393353192,7556519.220203208,1403.8074951171875,1340.0310538278504,1361.8763427734375,
2017-04-07 13:23:33,654604.7120322632,7556511.359997043,1406.1200330078125,1339.3260010904219,1364.8328857421875,
2017-04-07 13:23:34,654584.4284664139,7556503.667824506,1408.3840046972657,1339.4436561318887,1367.802734375,
2017-04-07 13:23:35,654564.2984584824,7556496.387747603,1410.4503215039063,1342.8455235547626,1370.771728515625,
2017-04-07 13:23:36,654544.3751464601,7556488.81122806,1412.1460261230468,1346.2309032436092,1373.3701171875,1351.16687992066
2017-04-07 13:23:37,654524.6782388097,7556481.192306803,1415.0441253027343,1351.0165477688706,1376.9903564453125,1356.390878611644
2017-04-07 13:23:38,654504.6797207596,7556472.768765517,1417.4162246484375,1355.2826328671233,1380.0845947265625,1361.3887765235036
2017-04-07 13:23:39,654484.7090031486,7556464.637359597,1419.5200099804688,1359.0885758511813,1383.091064453125,1365.209126297568
2017-04-07 13:23:40,654464.8473262341,7556457.0183715625,1421.6560550097656,1362.5625967053293,1386.117919921875,1368.3884187554595
2017-04-07 13:23:41,654445.2357297476,7556449.836005106,1423.6571923242188,1365.2170703788847,1388.7828369140625,1371.1856651249784
2017-04-07 13:23:42,654425.9719716063,7556442.337578313,1426.209297138672,1368.2154863258877,1391.9951171875,1374.4015594655361
2017-04-07 13:23:43,654406.9295740162,7556434.880711886,1426.5028559179686,1368.8658727321663,1392.9488525390625,1375.014703636463
2017-04-07 13:23:44,654387.8642750175,7556427.628639939,1430.5456989453126,1372.8776905187226,1397.6038818359375,1378.5398198732148
2017-04-07 13:23:45,654369.0127279449,7556420.6611376535,1432.217109375,1373.9457881158194,1399.717529296875,1379.6131181477203
2017-04-07 13:23:46,654350.349195832,7556413.358596067,1432.105746484375,1373.2308837820815,1400.0396728515625,1378.9036373729018
2017-04-07 13:23:47,654331.7925312954,7556406.081344538,1436.819306845703,1377.4617049840183,1405.186767578125,1382.5602759646824
2017-04-07 13:23:48,654313.4218067812,7556398.852857235,1438.7032762207032,1378.3771403916096,1407.5042724609375,1382.7665918896564
2017-04-07 13:23:49,654294.9972516437,7556391.761746693,1440.4399067285156,1378.2301703738751,1409.6744384765625,1382.6354504822737
2017-04-07 13:23:50,654276.6077709907,7556385.075575024,1442.327056015625,1378.0374522763493,1411.9915771484375,1382.4305021077296
2017-04-07 13:23:51,654258.1867568681,7556378.621757072,1444.486054248047,1378.1165806459712,1414.57763671875,1382.844042928198
2017-04-07 13:23:52,654239.8236238324,7556372.368224052,1445.754228544922,1377.3048806138822,1416.2666015625,
2017-04-07 13:23:53,654221.6788253994,7556366.09046664,1447.7609825585937,1377.231653927138,1418.5694580078125,
2017-04-07 13:23:54,654203.5767856212,7556359.74049857,1448.9017728417969,1376.2925160213908,1420.0035400390625,
2017-04-07 13:23:55,654185.6483710387,7556353.120154175,1450.9704347460938,1376.1066533127807,1422.4632568359375,
2017-04-07 13:23:56,654167.9585864415,7556346.195859705,1452.6578274414062,1375.3393082370785,1424.4490966796875,
2017-04-07 13:23:57,654150.2529555386,7556339.242643206,1454.510196015625,1374.7256095132034,1426.10693359375,
2017-04-07 13:23:58,654132.4980937198,7556331.883920109,1456.8690968554688,1374.8188356032144,1428.1995849609375,
2017-04-07 13:23:59,654114.8840371107,7556324.393303842,1458.6174310546876,1374.5018759996365,1429.681640625,
2017-04-07 13:24:00,654097.3734916273,7556316.983948865,1460.7151327148438,1374.5310726038094,1431.5130615234375,
2017-04-07 13:24:01,654079.5069775617,7556309.96540582,1462.4241746875,1373.4046675289749,1432.8792724609375,
2017-04-07 13:24:02,654061.4178547167,7556303.214583457,1465.1079247753905,1372.6993547149177,1435.1265869140625,
2017-04-07 13:24:03,654043.0857715947,7556296.720891762,1467.2439740234374,1372.8589143244299,1436.935302734375,
2017-04-07 13:24:04,654024.3421128433,7556290.436773108,1469.091572265625,1374.463467396408,1438.45556640625,
2017-04-07 13:24:05,654005.0799517373,7556284.102979895,1471.253715908203,1376.478483399126,1440.1812744140625,
2017-04-07 13:24:06,653985.8311697522,7556277.311274359,1473.6527050195311,1378.7670356770514,1442.143798828125,
2017-04-07 13:24:07,653966.5332139569,7556270.404387716,1475.846709013672,1380.850932187582,1443.9013671875,
2017-04-07 13:24:08,653947.0715485492,7556263.600212351,1478.1782666015624,1383.0353381832274,1445.7681884765625,
2017-04-07 13:24:09,653927.3373825799,7556256.845418982,1480.5386424902345,1384.5766774119031,1447.560791015625,
2017-04-07 13:24:10,653907.4868023804,7556250.046346355,1483.1446191992188,1385.099887843013,1449.258544921875,
2017-04-07 13:24:11,653887.4928710083,7556243.360579528,1486.841128046875,1386.537955536176,1451.0535888671875,
2017-04-07 13:24:12,653867.0328470198,7556236.684523662,1491.0903085117188,1387.761603604348,1452.7451171875,
2017-04-07 13:24:13,653846.2932163827,7556230.001239889,1496.1379006152345,1388.8653817259544,1454.467041015625,
2017-04-07 13:24:14,653825.655145982,7556223.548969048,1501.3498898710939,1390.1323710921413,1456.3431396484375,
2017-04-07 13:24:15,653805.1298141382,7556217.141083119,1506.3603372851562,1389.5497523892489,1458.0084228515625,
2017-04-07 13:24:16,653784.9589580981,7556210.539199685,1512.1623469670758,1391.3652554701716,1459.822265625,
2017-04-07 13:24:17,653765.3122252728,7556203.247792684,1518.0648291992188,,1461.7337646484375,
2017-04-07 13:24:18,653746.3492193638,7556194.471042178,1524.1030763989259,,1463.4447021484375,
2017-04-07 13:24:19,653728.8259080625,7556183.9732420165,1530.574659411621,,1464.9071044921875,
2017-04-07 13:24:20,653713.3463479197,7556171.893525539,1538.070436139323,,1467.0762939453125,
2017-04-07 13:24:21,653700.4164450692,7556157.9062791765,1546.7729006291852,,1468.494873046875,
2017-04-07 13:24:22,653690.719539531,7556141.76206197,1556.935426335637,,1470.0751953125,
2017-04-07 13:24:23,653685.0576742414,7556123.742932494,1567.0809720913462,,1471.95947265625,
2017-04-07 13:24:24,653683.5935060434,7556104.757589216,1576.2789565527344,,1473.225830078125,
2017-04-07 13:24:25,653686.5813457912,7556086.347662936,1585.2876114316407,,1475.2811279296875,
2017-04-07 13:24:26,653695.9064782467,7556070.461442294,1592.2100269726561,,1476.23046875,
2017-04-07 13:24:27,653711.7882322513,7556058.114111179,1599.0810059296875,,1477.119873046875,
2017-04-07 13:12:10,655094.6689637671,7556851.9991613375,1322.708946775002,1310.4716419703145,,
2017-04-07 13:12:11,655094.9761349985,7556851.605650627,1324.1489467750018,1311.1452748609393,,
2017-04-07 13:12:12,655095.4946856959,7556851.477771921,1325.588946775002,1311.6272866480488,,
2017-04-07 13:12:13,655096.0975250069,7556851.69212508,1328.468946775002,1313.7409393140645,,
2017-04-07 13:12:14,655096.3843251865,7556852.2151542,1328.468946775002,1312.9745327417988,,
2017-04-07 13:12:15,655096.5363348982,7556852.421000654,1328.468946775002,1312.016583650002,,
2017-04-07 13:12:16,655096.247111919,7556853.096536295,1327.988946775002,1310.5785755054708,,
2017-04-07 13:12:17,655095.3998494399,7556853.279483998,1328.468946775002,1310.2922281421895,,
2017-04-07 13:12:18,655093.308366817,7556853.555840074,1328.468946775002,1309.5258210132833,,
2017-04-07 13:12:19,655090.5667637956,7556853.184210092,1333.758946775002,1313.9193373609394,,
2017-04-07 13:12:20,655086.533012477,7556853.062301181,1335.678946775002,1314.9623354761738,,
2017-04-07 13:12:21,655081.2211392984,7556852.6103592105,1336.6389467750018,1315.2207344410174,,
2017-04-07 13:12:22,655074.9446871344,7556851.734919478,1337.6089467750019,1315.489074138283,,
2017-04-07 13:12:23,655067.6607265035,7556850.161841076,1339.048946775002,1316.2274719605489,,
2017-04-07 13:12:24,655059.0224609021,7556848.535095689,1339.528946775002,1315.8304700757833,,
2017-04-07 13:12:25,655049.3423087997,7556846.779901353,1342.8889467750018,1318.3134681714862,,
2017-04-07 13:12:26,655038.6916716419,7556844.872493006,1343.3689467750019,1318.09186713633,,
2017-04-07 13:12:27,655027.5272325113,7556842.840467841,1342.4089467750018,1316.3809000171893,,
2017-04-07 13:12:28,655015.5216367885,7556840.542307852,1343.3689467750019,1316.1741808179706,,
2017-04-07 13:12:29,655002.8480949713,7556837.716904265,1344.818946775002,1316.211251228127,,
2017-04-07 13:12:30,654989.0132301461,7556834.596711497,1348.178946775002,1318.3938102613301,,
2017-04-07 13:12:31,654973.9875374374,7556831.554547242,1350.578946775002,1319.6163685718768,,
2017-04-07 13:12:32,654958.0489092225,7556828.391825623,1351.548946775002,1319.1734188453145,,
2017-04-07 13:12:33,654941.314633524,7556825.078190433,1354.9089467750018,1321.1189075171894,,
2017-04-07 13:12:34,654924.0937611026,7556821.304506652,1356.828946775002,1321.4665637867206,,
2017-04-07 13:12:35,654906.2147656758,7556817.303947247,1358.268946775002,1320.984571247658,,
2017-04-07 13:12:36,654887.8889365762,7556813.285924016,1358.758946775002,1319.5526386500019,,
2017-04-07 13:12:37,654869.3992108027,7556809.258138278,1359.718946775002,1318.5906611695332,,
2017-04-07 13:12:38,654850.8095874611,7556804.971624938,1362.1189467750019,1319.0687127515644,,
2017-04-07 13:12:39,654831.7669529363,7556800.189682804,1364.998946775002,1318.675526848244,,
2017-04-07 13:12:40,654812.3830781933,7556795.031448564,1367.8889467750018,1316.5626231080096,,
2017-04-07 13:12:41,654792.324844376,7556789.682873819,1371.248946775002,1313.9354809724452,,
2017-04-07 13:12:42,654771.8925134841,7556784.096512236,1376.538946775002,1312.2641065867917,,
2017-04-07 13:13:58,654584.6975118173,7556354.970657645,1476.038946775002,1387.5350054237945,,
2017-04-07 13:13:59,654634.6208108676,7556360.242448442,1473.1489467750018,1394.511271872658,,
2017-04-07 13:14:00,654685.0714908894,7556362.9154574135,1470.748946775002,1397.4058799097677,,
2017-04-07 13:14:01,654736.7730352986,7556362.658719845,1467.3789467750019,1390.7546117281267,,
2017-04-07 13:14:02,654788.3209104711,7556361.063933026,1464.978946775002,1384.378336775002,,
2017-04-07 13:14:03,654839.728358236,7556358.028890216,1464.018946775002,1377.4164786659821,,
2017-04-07 13:14:04,654891.022867175,7556354.491701974,1461.6189467750019,1368.0618804983683,,
2017-04-07 13:14:05,654942.1428485591,7556350.139616022,1459.688946775002,1359.833282400002,,
2017-04-07 13:14:06,654992.8768879278,7556344.99731074,1456.808946775002,1351.9427920596002,,
2017-04-07 13:14:07,655043.0109681713,7556339.248514778,1455.8489467750019,1346.8040547521225,,
2017-04-07 13:14:08,655092.5672661188,7556332.931981535,1452.958946775002,1345.3427359379484,,
2017-04-07 13:14:09,655141.6831349363,7556326.1496125525,1449.1189467750019,1346.1681160230487,,
2017-04-07 13:14:10,655190.6879516025,7556319.47384884,1450.078946775002,1353.1185953616496,,
2017-04-07 13:14:11,655239.616273468,7556312.738174908,1450.078946775002,1361.9941019645698,,
2017-04-07 13:14:12,655288.1625459808,7556305.671257421,1450.078946775002,1366.14193807383,,
2017-04-07 13:14:13,655336.3904110284,7556298.436147896,1450.078946775002,1364.7638101587909,,
2017-04-07 13:14:14,655384.4663118131,7556291.173989876,1450.078946775002,1361.7579523902364,,
2017-04-07 13:14:15,655435.5537674853,7556283.945143106,1450.078946775002,1359.3316827515644,,
2017-04-07 13:14:16,655480.8760884735,7556278.072695316,1450.078946775002,1359.7575564234394,,
2017-04-07 13:14:17,655530.2227740745,7556269.204423493,1450.078946775002,1359.3881253492207,,
2017-04-07 13:14:18,655577.6035821477,7556262.465594219,1450.078946775002,1357.8789476929705,,
2017-04-07 13:14:19,655629.1316731155,7556260.755127631,1450.558946775002,1355.377919294533,,
2017-04-07 13:14:20,655673.5793036364,7556260.789201848,1450.558946775002,1354.431797915627,,
2017-04-07 13:14:21,655718.0416686436,7556264.44923488,1450.558946775002,1357.7711534937519,,
2017-04-07 13:14:22,655759.6527032237,7556274.267926446,1451.038946775002,1361.8938287769552,,
2017-04-07 13:14:23,655798.9789197659,7556288.22856915,1451.038946775002,1365.232501884377,,
2017-04-07 13:14:24,655834.9604705735,7556305.742319835,1451.038946775002,1366.9721474976582,,
2017-04-07 13:14:25,655868.5284525324,7556326.6314118095,1451.038946775002,1365.9854313453145,,
2017-04-07 13:14:26,655896.7758411338,7556350.64437384,1451.038946775002,1363.3700987378925,,
2017-04-07 13:14:27,655920.5699384644,7556376.869080357,1451.038946775002,1359.6892407105488,,
2017-04-07 13:14:28,655939.930537636,7556404.922620097,1451.038946775002,1355.6820557872786,,
2017-04-07 13:14:29,655954.9047195154,7556434.376956116,1451.038946775002,1351.6658013648457,,
2017-04-07 13:14:30,655964.6953749745,7556465.221056097,1451.038946775002,1349.1227349195333,,
2017-04-07 13:14:31,655967.6269037103,7556496.294800069,1451.038946775002,1347.5213697046895,,
2017-04-07 13:14:32,655965.5597038885,7556527.392749274,1451.038946775002,1345.9500780250019,,
2017-04-07 13:14:33,655957.2651623625,7556557.428831025,1451.038946775002,1345.1902171558613,,
2017-04-07 13:14:34,655946.2092475361,7556585.63021832,1451.038946775002,1344.8076000562519,,
2017-04-07 13:14:35,655931.8805045822,7556611.834801252,1451.038946775002,1345.5190232203145,,
2017-04-07 13:14:36,655915.5170598209,7556635.996030563,1451.038946775002,1347.028206853127,,
2017-04-07 13:14:37,655896.5475812817,7556657.957514952,1451.038946775002,1348.5485157007831,,
2017-04-07 13:14:38,655874.3888218027,7556677.009632821,1451.038946775002,1350.8407053023457,,
2017-04-07 13:14:39,655850.7986709219,7556693.015643386,1451.038946775002,1353.4910461060567,,
2017-04-07 13:14:40,655827.086337287,7556706.888560546,1451.038946775002,1356.151527431252,,
2017-04-07 13:14:41,655802.7438486132,7556719.2718290975,1451.038946775002,1358.7987599976582,,
2017-04-07 13:14:42,655778.5243275831,7556731.016589935,1451.038946775002,1359.0353330835956,,
2017-04-07 13:14:43,655753.7932430498,7556742.430838156,1451.038946775002,1358.082502165627,,
2017-04-07 13:14:44,655728.1917288648,7556752.9122064905,1451.038946775002,1356.652816228127,,
2017-04-07 13:14:45,655702.3874478104,7556762.182777218,1451.038946775002,1355.1299651929708,,
2017-04-07 13:14:46,655677.0301631186,7556771.47133128,1451.038946775002,1354.5588662867208,,
2017-04-07 13:14:47,655650.5734950266,7556781.236653505,1451.038946775002,1356.047343278908,,
2017-04-07 13:14:48,655624.0216998956,7556790.612496575,1451.038946775002,1357.621174138283,,
2017-04-07 13:14:49,655595.5512157062,7556800.012807574,1451.038946775002,1359.910081884377,,
2017-04-07 13:14:50,655570.658873491,7556808.225455318,1451.038946775002,1370.2602427229651,,
2017-04-07 13:14:51,655544.7285054461,7556818.1548121525,1451.038946775002,1384.3412053834004,,
2017-04-07 13:14:52,655516.9072557229,7556827.014643863,1451.038946775002,1390.5252257349628,,
2017-04-07 13:14:53,655491.5931543715,7556837.98389166,1451.038946775002,1393.1756856773457,,
2017-04-07 13:14:54,655467.7416704656,7556849.706858437,1451.038946775002,1395.8172967652363,,
2017-04-07 13:14:55,655443.9079572209,7556861.833790724,1451.038946775002,1398.1188578589863,,
2017-04-07 13:14:56,655419.1614099259,7556870.375058828,1451.038946775002,1400.2616913990253,,
2017-04-07 13:14:57,655396.1898719106,7556879.941758758,1451.038946775002,1399.6674424195332,,
2017-04-07 13:14:58,655373.9657298669,7556889.244825565,1451.038946775002,1398.1714656617207,,
2017-04-07 13:14:59,655349.9365852674,7556898.7760137,1451.038946775002,1397.3804881910175,,
2017-04-07 13:15:00,655327.0428906442,7556906.718480582,1451.038946775002,1400.4982824846375,,
2017-04-07 13:15:01,655304.7087016118,7556913.627380217,1451.038946775002,1405.510665416185,,
2017-04-07 13:15:02,655280.5445775654,7556918.515327607,1451.038946775002,1407.9346587867208,,
2017-04-07 13:15:03,655255.7603069753,7556920.584594557,1451.038946775002,1408.1969356226582,,
2017-04-07 13:15:04,655230.2793450234,7556920.92626725,1451.038946775002,1406.8423455445331,,
2017-04-07 13:15:05,655204.6663538836,7556920.848154645,1451.038946775002,1405.2408805054706,,
2017-04-07 13:15:06,655178.7192412311,7556921.031044006,1451.038946775002,1403.6393961109395,,
2017-04-07 13:15:07,655152.5964164181,7556922.327386353,1451.038946775002,1401.457161571877,,
2017-04-07 13:15:08,655126.4734969588,7556924.49492026,1451.038946775002,1398.80714510508,,
2017-04-07 13:15:09,655100.1390333424,7556927.211829735,1451.038946775002,1396.7819934742206,,
2017-04-07 13:15:10,655074.0398773409,7556929.278310163,1451.038946775002,1395.9632223609394,,
2017-04-07 13:15:11,655047.2991828029,7556930.903619292,1451.038946775002,1395.5064287671894,,
2017-04-07 13:15:12,655020.6116432594,7556931.417980301,1385.668946775002,1329.7658212183615,,
2017-04-07 13:15:13,654994.0456759678,7556931.078387099,1385.668946775002,1330.0691343433614,,
2017-04-07 13:15:14,654967.6716156242,7556930.226211011,1387.1089467750019,1331.9508428003926,,
2017-04-07 13:15:15,654941.323535226,7556929.29159728,1387.588946775002,1332.87258026133,,
2017-04-07 13:15:16,654915.3993461519,7556927.6523538055,1387.1089467750019,1332.8343177222675,,
2017-04-07 13:15:17,654889.5227091976,7556925.978790727,1389.518946775002,1335.0076284449237,,
2017-04-07 13:15:18,654863.366595206,7556924.588308429,1388.558946775002,1333.36243354258,,
2017-04-07 13:15:19,654837.4650625496,7556923.269622878,1388.558946775002,1332.4662315015644,,
2017-04-07 13:15:20,654811.5357293194,7556922.296034704,1388.558946775002,1330.9617000171895,,
2017-04-07 13:15:21,654785.4714577869,7556921.239660399,1388.558946775002,1329.0649032642598,,
2017-04-07 13:15:22,654759.1462943314,7556920.158451521,1388.558946775002,1327.1276967945332,,
2017-04-07 13:15:23,654732.3712149968,7556918.938023144,1388.558946775002,1325.5128534742207,,
2017-04-07 13:15:24,654705.4448808944,7556917.615110897,1388.558946775002,1324.0942987085957,,
2017-04-07 13:15:25,654678.3115132394,7556916.1863594055,1388.558946775002,1322.668127946877,,
2017-04-07 13:15:26,654651.280916952,7556914.735997587,1398.168946775002,1330.7849630445332,,
2017-04-07 13:15:27,654624.2214142646,7556913.359093246,1399.6089467750019,1330.7278925562518,,
2017-04-07 13:16:39,654561.8831642208,7556307.438340333,1491.418946775002,1398.280859978127,,
2017-04-07 13:16:40,654609.5269202616,7556314.201867625,1488.528946775002,1402.663055525002,,
2017-04-07 13:16:41,654657.3865095266,7556320.052169117,1483.728946775002,1405.463877578788,,
2017-04-07 13:16:42,654706.2468049971,7556323.753560876,1480.3589467750019,1409.5143672828144,,
2017-04-07 13:16:43,654755.2139575941,7556324.57793384,1475.558946775002,1402.5487172754902,,
2017-04-07 13:16:44,654804.1691217888,7556323.164327335,1473.1489467750018,1394.8037652255227,,
2017-04-07 13:16:45,654853.0035260757,7556320.274064885,1469.788946775002,1387.0890256382831,,
2017-04-07 13:16:46,654901.488031516,7556315.76222335,1464.498946775002,1379.3156452027363,,
2017-04-07 13:16:47,654949.4148073288,7556310.580816744,1460.6489467750018,1372.8834790210956,,
2017-04-07 13:16:48,654997.589406488,7556303.907487009,1458.248946775002,1366.7917207565868,,
2017-04-07 13:16:49,655045.9013270099,7556295.950971515,1453.448946775002,1358.680819571877,,
2017-04-07 13:16:50,655094.2136383586,7556287.70504908,1449.1189467750019,1355.7105484546894,,
2017-04-07 13:16:51,655142.0972267793,7556279.321735369,1445.748946775002,1357.1341514185567,,
2017-04-07 13:16:52,655189.7996556382,7556270.815965487,1441.9089467750018,1363.5097770347675,,
2017-04-07 13:16:53,655237.0465978249,7556262.152410697,1438.538946775002,1367.1893378882833,,
2017-04-07 13:16:54,655283.824208108,7556253.386396964,1437.578946775002,1365.6879310035174,,
2017-04-07 13:16:55,655330.2854474265,7556244.592712245,1433.738946775002,1359.5525222388692,,
2017-04-07 13:16:56,655376.397696504,7556235.7319146115,1430.8489467750019,1354.3671112183613,,
2017-04-07 13:16:57,655421.988309066,7556226.765415418,1427.968946775002,1349.6488279859395,,
2017-04-07 13:16:58,655467.0145001389,7556217.821733783,1425.568946775002,1346.0457991382832,,
2017-04-07 13:16:59,655511.6594752908,7556208.9962111255,1423.6389467750018,1342.913163669533,,
2017-04-07 13:17:00,655556.0888295041,7556200.963771564,1421.718946775002,1339.7905281910175,,
2017-04-07 13:17:01,655600.0435581754,7556194.879352062,1419.318946775002,1337.3389671851583,,
2017-04-07 13:17:02,655643.6799123418,7556191.801301491,1417.3989467750018,1335.68791229258,,
2017-04-07 13:17:03,655687.008562152,7556192.301525235,1415.948946775002,1334.506857400002,,
2017-04-07 13:17:04,655728.4693162882,7556196.884784971,1413.548946775002,1333.4697481421895,,
2017-04-07 13:17:05,655767.4385210511,7556206.309212912,1411.1489467750018,1333.3089076392596,,
2017-04-07 13:17:06,655803.7139774753,7556219.635305875,1410.188946775002,1334.587919611916,,
2017-04-07 13:17:07,655836.0975040095,7556237.342798021,1410.188946775002,1335.692851150002,,
2017-04-07 13:17:08,655862.4439588157,7556260.752968228,1409.708946775002,1334.2192990992207,,
2017-04-07 13:17:09,655883.2654478139,7556287.424297496,1408.738946775002,1331.3040821314473,,
2017-04-07 13:17:10,655898.3501342235,7556316.004583891,1408.738946775002,1329.3592570679707,,
2017-04-07 13:17:11,655907.2625466033,7556346.982369423,1408.258946775002,1326.9341906373068,,
2017-04-07 13:17:12,655910.1164690007,7556379.062710417,1410.188946775002,1326.6458338990255,,
2017-04-07 13:17:13,655909.4507897301,7556410.0303334845,1409.218946775002,1323.7361318726582,,
2017-04-07 13:17:14,655905.1333264008,7556439.989586271,1407.778946775002,1320.356487946877,,
2017-04-07 13:17:15,655897.3350885205,7556469.3535705265,1406.818946775002,1316.4445336402364,,
2017-04-07 13:17:16,655887.1257558139,7556498.028015428,1404.8989467750018,1312.0692573804706,,
2017-04-07 13:17:17,655874.3376885322,7556525.778022591,1403.458946775002,1309.8428336988302,,
2017-04-07 13:17:18,655860.5550567551,7556552.737227531,1403.938946775002,1309.6938288843771,,
2017-04-07 13:17:19,655844.4630115307,7556578.89139966,1401.528946775002,1306.6873458277364,,
2017-04-07 13:17:20,655826.8409973445,7556604.025656719,1401.528946775002,1307.521916638283,,
2017-04-07 13:17:21,655808.4268141993,7556628.437663489,1400.088946775002,1307.2805496558613,,
2017-04-07 13:17:22,655788.5742149369,7556651.648055749,1396.248946775002,1304.6393763843769,,
2017-04-07 13:17:23,655767.3984687689,7556673.429738376,1395.288946775002,1304.952030915627,,
2017-04-07 13:17:24,655745.5826039836,7556694.00210244,1395.768946775002,1304.8105482007832,,
2017-04-07 13:17:25,655722.9588878036,7556713.476745235,1393.838946775002,1300.2180489429707,,
2017-04-07 13:17:26,655699.6661970664,7556731.871461457,1391.918946775002,1294.938674837502,,
2017-04-07 13:17:27,655676.1818412966,7556749.393161042,1390.478946775002,1291.5850018726583,,
2017-04-07 13:17:28,655653.0111140587,7556766.306611462,1389.038946775002,1289.9940277710957,,
2017-04-07 13:17:29,655629.9516039913,7556782.487137035,1386.1489467750018,1288.4514861109394,,
2017-04-07 13:17:30,655607.2827661266,7556796.902796462,1384.708946775002,1288.186874821877,,
2017-04-07 13:17:31,655585.2222078345,7556809.426279703,1382.788946775002,1295.1395238981636,,
2017-04-07 13:17:32,655563.3459684008,7556820.181751871,1381.828946775002,1303.464577447435,,
2017-04-07 13:17:33,655541.403292112,7556828.62956196,1381.3489467750019,1315.2948058453144,,
2017-04-07 13:17:34,655519.3205261197,7556834.540487978,1379.8989467750018,1317.182736140236,,
2017-04-07 13:17:35,655496.9350970068,7556838.344862098,1379.418946775002,1320.0406962359395,,
2017-04-07 13:17:36,655474.3016812161,7556839.77441461,1379.418946775002,1323.3785852515646,,
2017-04-07 13:17:37,655451.9216309013,7556838.175859891,1378.938946775002,1326.539952214455,,
2017-04-07 13:17:38,655429.8367457928,7556834.591246005,1376.538946775002,1326.432603518166,,
2017-04-07 13:17:39,655407.9048648895,7556830.154508205,1377.978946775002,1326.4288102710957,,
2017-04-07 13:17:41,655362.9687133016,7556821.422747885,1377.498946775002,1322.8075992945332,,
2017-04-07 13:17:42,655339.8792712386,7556818.246384757,1376.058946775002,1320.093380134377,,
2017-04-07 13:17:43,655316.3643737608,7556815.971646136,1378.458946775002,1323.0111820777363,,
2017-04-07 13:17:44,655292.7199384641,7556814.045158082,1378.458946775002,1323.6425606714863,,
2017-04-07 13:17:45,655268.4581700048,7556812.259497629,1378.458946775002,1324.273966101174,,
2017-04-07 13:17:46,655243.8169622901,7556810.44175214,1379.418946775002,1325.8653134058613,,
2017-04-07 13:17:47,655218.6014459326,7556808.458423974,1378.938946775002,1326.2261933570333,,
2017-04-07 13:17:48,655193.0161181659,7556806.630920795,1379.418946775002,1328.921587728127,,
2017-04-07 13:17:49,655167.0049484086,7556804.496986978,1377.018946775002,1329.515622321877,,
2017-04-07 13:17:50,655140.9879563027,7556802.053936902,1378.938946775002,1333.148146306252,,
2017-04-07 13:17:51,655114.8450149046,7556799.378768787,1378.938946775002,1331.879316931252,,
2017-04-07 13:17:52,655088.8139493439,7556796.588898847,1378.938946775002,1330.4070732398459,,
2017-04-07 13:17:53,655062.6449469998,7556793.996981149,1378.938946775002,1328.9348444898458,,
2017-04-07 13:17:54,655036.546585655,7556790.988181728,1378.938946775002,1328.30799807383,,
2017-04-07 13:17:55,655010.6418513927,7556787.785313393,1379.8989467750018,1329.3185957398455,,
2017-04-07 13:17:56,654984.9551494168,7556784.389832596,1377.018946775002,1326.489162058205,,
2017-04-07 13:17:57,654958.8717733966,7556780.78338358,1377.018946775002,1326.5566039917987,,
2017-04-07 13:17:58,654933.1508445569,7556776.56225828,1377.018946775002,1326.5589754859395,,
2017-04-07 13:17:59,654907.7136335425,7556771.581222013,1377.018946775002,1326.0405670777363,,
2017-04-07 13:18:00,654882.3114581907,7556766.134306175,1377.018946775002,1325.4136141285176,,
2017-04-07 13:18:01,654856.9368571277,7556760.576935457,1377.018946775002,1324.7866611792988,,
2017-04-07 13:18:02,654831.3705474209,7556754.77414828,1377.018946775002,1324.1597082593769,,
2017-04-07 13:18:03,654805.778045447,7556748.998131793,1382.308946775002,1328.822755310158,,
2017-04-07 13:19:29,654728.0915336114,7556323.327691047,1470.268946775002,,,
2017-04-07 13:19:30,654773.7195704636,7556318.182499274,1466.8989467750018,1394.4014880054706,,
2017-04-07 13:19:31,654817.9153332935,7556312.071449764,1464.498946775002,1390.582784973244,,
2017-04-07 13:19:32,654862.574149611,7556304.031811529,1464.498946775002,1388.3133031080097,,
2017-04-07 13:19:33,654907.169357471,7556294.5000741985,1464.498946775002,1386.0438212427755,,
2017-04-07 13:19:34,654951.4690647128,7556284.014765536,1464.498946775002,1383.7740443140644,,
2017-04-07 13:19:35,654995.2897752598,7556272.311930666,1464.498946775002,1381.8108595484396,,
2017-04-07 13:19:36,655039.2078631384,7556259.641746842,1464.498946775002,1379.8851787671895,,
2017-04-07 13:19:37,655083.2073868765,7556246.153080375,1464.498946775002,1380.0951513453144,,
2017-04-07 13:19:38,655127.4359383509,7556232.1264249785,1458.248946775002,1378.8160688778667,,
2017-04-07 13:19:39,655171.9679508936,7556217.894076088,1456.808946775002,1380.941758806252,,
2017-04-07 13:19:40,655216.8048472544,7556203.896288808,1456.808946775002,1382.530237478127,,
2017-04-07 13:19:41,655261.8423090815,7556190.295327115,1456.808946775002,1384.118713181252,,
2017-04-07 13:19:42,655307.2505807183,7556176.764366751,1456.808946775002,1385.5534774585956,,
2017-04-07 13:19:43,655352.9040673977,7556163.586146765,1456.808946775002,1386.5067017359395,,
2017-04-07 13:19:44,655398.5592662266,7556151.08309072,1456.808946775002,1387.269591276955,,
2017-04-07 13:19:45,655444.1900914881,7556139.974722582,1456.808946775002,1388.0318952027362,,
2017-04-07 13:19:46,655489.8173711761,7556129.915812049,1456.808946775002,1388.9855099195331,,
2017-04-07 13:19:47,655537.6632754442,7556121.256310969,1456.808946775002,1389.8231079273457,,
2017-04-07 13:19:48,655582.495667667,7556115.552431548,1457.288946775002,1390.3778141382832,,
2017-04-07 13:19:49,655628.6008427977,7556112.183423144,1457.288946775002,1390.3778141382832,,
2017-04-07 13:19:50,655673.6209342752,7556111.765019134,1457.288946775002,1390.3778141382832,,
2017-04-07 13:19:51,655717.5899666551,7556115.291935236,1457.288946775002,1390.3778141382832,,
2017-04-07 13:19:52,655763.2088414765,7556122.431587547,1457.288946775002,1389.9895331031269,,
2017-04-07 13:19:53,655801.559344897,7556132.034342233,1457.288946775002,1387.7150806539082,,
2017-04-07 13:19:54,655841.4201544162,7556144.314097079,1457.288946775002,1384.7429713257832,,
2017-04-07 13:19:55,655878.5476651117,7556161.373408926,1457.288946775002,1381.7700403492206,,
2017-04-07 13:19:56,655913.4548474102,7556180.639797408,1457.288946775002,1378.7867989703145,,
2017-04-07 13:19:57,655945.0410366581,7556203.235707767,1457.288946775002,1375.8009800054706,,
2017-04-07 13:19:58,655972.6644080033,7556229.758886777,1457.288946775002,1371.5018372372415,,
2017-04-07 13:19:59,655996.3299636064,7556258.5705985045,1457.288946775002,1366.7863091480488,,
2017-04-07 13:20:00,656015.432845852,7556288.912874187,1457.288946775002,1364.2467578882831,,
2017-04-07 13:20:01,656028.1943548027,7556321.089605007,1457.288946775002,1363.1112149195333,,
2017-04-07 13:20:02,656036.106001276,7556354.51701694,1457.288946775002,1362.9761522828144,,
2017-04-07 13:20:03,656040.0870249197,7556388.698340072,1433.258946775002,1338.8787707007832,,
2017-04-07 13:20:04,656040.3966118724,7556423.171699536,1434.218946775002,1339.771389148049,,
2017-04-07 13:20:05,656037.1187278572,7556457.651829955,1435.178946775002,1339.992521023049,,
2017-04-07 13:20:06,656029.9002063398,7556491.733335309,1430.3689467750019,1332.1742179859393,,
2017-04-07 13:20:07,656019.6316902486,7556524.870956946,1430.3689467750019,1328.1606032035734,,
2017-04-07 13:20:08,656006.5751763113,7556556.9588981215,1427.968946775002,1321.750587898049,,
2017-04-07 13:20:09,655990.5639738003,7556587.977705776,1424.1189467750019,1313.901759526118,,
2017-04-07 13:20:10,655972.3935681909,7556617.910193664,1422.198946775002,1307.3406938404316,,
2017-04-07 13:20:11,655952.2425200897,7556646.467552191,1417.8789467750019,1299.0618349273457,,
2017-04-07 13:20:12,655930.2166471335,7556673.291025125,1418.3589467750019,1299.6468374390643,,
2017-04-07 13:20:13,655907.1940820456,7556699.651428392,1414.988946775002,1297.7313278882832,,
2017-04-07 13:20:14,655883.0827611478,7556724.990656426,1411.1489467750018,1295.6804432447284,,
2017-04-07 13:20:15,655857.9148406076,7556748.317997975,1409.218946775002,1297.7722681421894,,
2017-04-07 13:20:16,655831.8860589804,7556769.982511939,1405.8589467750019,1298.9781708291314,,
2017-04-07 13:20:17,655804.7927086079,7556789.765811859,1405.3789467750019,1297.1824259625018,,
2017-04-07 13:20:18,655777.3570772943,7556807.412093051,1402.498946775002,1296.3287320679708,,
2017-04-07 13:20:19,655750.556232456,7556822.156481989,1394.318946775002,1291.5320320679707,,
2017-04-07 13:20:20,655723.4459488674,7556834.68156573,1394.798946775002,1292.4800012476583,,
2017-04-07 13:20:21,655695.4510601801,7556845.008670283,1397.208946775002,1293.7886310816425,,
2017-04-07 13:20:22,655666.9274818313,7556852.69113483,1397.208946775002,1292.6872668921894,,
2017-04-07 13:20:23,655638.2368318641,7556857.938217924,1398.168946775002,1292.371095681252,,
2017-04-07 13:20:24,655609.7541195806,7556860.969325266,1399.1289467750019,1296.7772796531979,,
2017-04-07 13:20:25,655581.5569992309,7556861.714223351,1399.6089467750019,1304.2165115317491,,
2017-04-07 13:20:26,655553.8771683238,7556860.50538612,1397.688946775002,1309.25579867486,,
2017-04-07 13:20:27,655526.9751833399,7556857.892372475,1395.768946775002,1314.2954028048316,,
2017-04-07 13:20:28,655500.5370710081,7556854.090275266,1394.798946775002,1320.6074428052755,,
2017-04-07 13:20:29,655474.562991861,7556849.557987802,1391.918946775002,1325.3563981226582,,
2017-04-07 13:20:30,655448.7166663022,7556844.3594158,1392.8789467750019,1330.829922966408,,
2017-04-07 13:20:31,655423.286545777,7556838.006308069,1390.958946775002,1330.4761348414083,,
2017-04-07 13:20:32,655398.5290479667,7556830.308144781,1389.998946775002,1331.3433506324238,,
2017-04-07 13:20:33,655374.418529,7556821.572411274,1389.038946775002,1330.9560354078144,,
2017-04-07 13:20:34,655350.5776654873,7556812.310047565,1388.558946775002,1328.4944946460957,,
2017-04-07 13:20:35,655326.8165269066,7556802.88416254,1388.078946775002,1326.9043365015643,,
2017-04-07 13:20:36,655302.8350632554,7556793.801061716,1387.588946775002,1327.7346509156268,,
2017-04-07 13:20:37,655278.4988025145,7556785.548951792,1385.668946775002,1326.9825599976582,,
2017-04-07 13:20:38,655253.8848126532,7556778.010761526,1383.748946775002,1326.2306657203144,,
2017-04-07 13:20:39,655228.9695403576,7556770.997782781,1382.308946775002,1326.6100781373066,,
2017-04-07 13:20:40,655204.0207177984,7556764.132854497,1379.8989467750018,1326.139708650002,,
2017-04-07 13:20:41,655179.0841332318,7556757.353204585,1379.418946775002,1327.5993380298848,,
2017-04-07 13:20:42,655154.0887362895,7556750.56087728,1377.498946775002,1328.5850015113301,,
2017-04-07 13:20:43,655129.204257617,7556743.494561569,1378.458946775002,1333.247012478127,,
2017-04-07 13:20:44,655103.8186188771,7556736.613612808,1377.978946775002,1334.5949334546895,,
2017-04-07 13:20:45,655078.3067287976,7556729.388169681,1376.058946775002,1332.2143288648456,,
2017-04-07 13:20:46,655052.8827821233,7556722.037186448,1375.578946775002,1331.2736930152362,,
2017-04-07 13:20:47,655027.4294763037,7556714.5910410425,1376.538946775002,1331.81117354258,,
2017-04-07 13:20:48,655001.9057787412,7556706.859956769,1376.538946775002,1331.4586731910176,,
2017-04-07 13:20:49,654975.9931958133,7556698.787262688,1376.538946775002,1331.1061727808612,,
2017-04-07 13:20:50,654950.0350396521,7556690.655891248,1376.538946775002,1330.7987022242207,,
2017-04-07 13:20:51,654924.0324289345,7556682.44719707,1377.018946775002,1331.1620149976582,,
2017-04-07 13:20:52,654898.1213256947,7556674.16938338,1376.538946775002,,,
2017-04-07 13:20:53,654872.1571048638,7556665.841801874,1377.018946775002,,,
2017-04-07 13:20:54,654846.5791675741,7556657.25684869,1381.828946775002,,,
2017-04-07 13:22:00,654098.0795706064,7556183.261023317,1541.4089467750018,1444.0338978280618,,
2017-04-07 13:22:01,654140.8192544454,7556199.123586895,1541.4089467750018,1469.1206205430306,,
2017-04-07 13:22:02,654184.7086090953,7556216.11410978,1541.4089467750018,1474.1632432105487,,
2017-04-07 13:22:03,654228.607515035,7556234.51071905,1541.4089467750018,1476.2038689429705,,
2017-04-07 13:22:04,654272.6807935606,7556253.723946247,1541.4089467750018,1476.728477732033,,
2017-04-07 13:22:05,654316.9081539745,7556273.799431084,1541.4089467750018,1476.728477732033,,
2017-04-07 13:22:06,654361.9891595868,7556293.402611445,1541.4089467750018,1476.728477732033,,
2017-04-07 13:22:07,654408.2051200384,7556311.754418608,1541.4089467750018,1476.728477732033,,
2017-04-07 13:22:08,654455.4185037112,7556328.640638164,1541.4089467750018,1476.728477732033,,
2017-04-07 13:22:09,654502.359371239,7556344.696628526,1541.4089467750018,1476.2576785328142,,
2017-04-07 13:22:10,654550.3866959517,7556357.344547317,1541.4089467750018,1475.4988882984394,,
2017-04-07 13:22:11,654601.7308001677,7556363.253725933,1541.4089467750018,1474.7400980640643,,
2017-04-07 13:22:12,654653.4905953344,7556365.396217417,1541.4089467750018,1473.7689074390644,,
2017-04-07 13:22:13,654704.5189520613,7556363.880864641,1541.4089467750018,1472.6198855933612,,
2017-04-07 13:22:14,654754.6876416368,7556359.271132065,1541.4089467750018,1471.4128535523455,,
2017-04-07 13:22:15,654804.9516512359,7556351.053260388,1541.4089467750018,1469.9644159937518,,
2017-04-07 13:22:16,654854.3854522699,7556340.941408945,1541.8889467750018,1468.962580466408,,
2017-04-07 13:22:17,654902.9291694157,7556329.465712777,1541.8889467750018,1467.4432431421894,,
2017-04-07 13:22:18,654950.3990357359,7556317.120720755,1541.8889467750018,1465.923905837502,,
2017-04-07 13:22:19,654997.6930161573,7556303.698351042,1541.8889467750018,1464.0477364234393,,
2017-04-07 13:22:20,655044.9668865026,7556289.807359269,1541.8889467750018,1461.3664858375018,,
2017-04-07 13:22:21,655092.1261118504,7556276.144390562,1541.8889467750018,1458.3751575953142,,
2017-04-07 13:22:22,655138.8682307579,7556262.560078324,1541.8889467750018,1457.1633597046894,,
2017-04-07 13:22:23,655185.2216806505,7556248.409915157,1541.8889467750018,1460.6557433667988,,
2017-04-07 13:22:24,655230.4503377983,7556235.335102518,1541.8889467750018,1463.5681462574237,,
2017-04-07 13:22:25,655275.1295892657,7556222.789729951,1541.8889467750018,1465.456915388283,,
2017-04-07 13:22:26,655319.6631537687,7556211.041687924,1541.8889467750018,1466.6604315015643,,
2017-04-07 13:22:27,655364.3453019889,7556200.895411749,1541.8889467750018,1467.5924618921892,,
2017-04-07 13:22:28,655410.2001375397,7556191.85100802,1541.8889467750018,1468.5248841578143,,
2017-04-07 13:22:29,655455.3516736523,7556187.147664597,1541.8889467750018,1468.907208464455,,
2017-04-07 13:22:30,655500.6926613473,7556185.678152452,1541.8889467750018,1467.8569157789082,,
2017-04-07 13:22:31,655544.8591866435,7556188.521141567,1541.8889467750018,1466.7656098609393,,
2017-04-07 13:22:32,655587.6800632973,7556195.263531964,1541.8889467750018,1465.365510183205,,
2017-04-07 13:22:33,655628.3800462569,7556205.989408738,1541.8889467750018,1462.7312527867207,,
2017-04-07 13:22:34,655663.9213328211,7556224.391701925,1542.3689467750019,1460.2012921421892,,
2017-04-07 13:22:35,655697.225251955,7556245.459051134,1542.3689467750019,1457.1912116851581,,
2017-04-07 13:22:36,655726.677255171,7556273.6542864,1542.3689467750019,1454.596535676369,,
2017-04-07 13:22:37,655750.1473674609,7556301.046966751,1542.3689467750019,1452.7568353296895,,
2017-04-07 13:22:38,655769.8725481784,7556332.764195885,1542.3689467750019,1451.1800808765643,,
2017-04-07 13:22:39,655784.5771871438,7556366.181201952,1542.3689467750019,1449.2951160279315,,
2017-04-07 13:22:40,655793.4550779737,7556401.03357485,1542.3689467750019,1447.0249054761737,,
2017-04-07 13:22:41,655797.6944667007,7556435.735705959,1542.3689467750019,1444.7479514283223,,
2017-04-07 13:22:42,655796.3569189912,7556469.781101828,1542.3689467750019,1442.4712901880878,,
2017-04-07 13:22:43,655790.5158289041,7556500.996590801,1542.3689467750019,1440.1943361402361,,
2017-04-07 13:22:44,655779.5974184487,7556529.094551145,1542.3689467750019,1437.9173843189471,,
2017-04-07 13:22:45,655764.6507004821,7556554.148019689,1542.3689467750019,1435.9349621460956,,
2017-04-07 13:22:46,655746.4321170613,7556576.437059603,1542.3689467750019,1434.0443370777361,,
2017-04-07 13:22:47,655726.0694329834,7556595.945851131,1422.198946775002,1311.9967982203145,,
2017-04-07 13:22:48,655703.4816289949,7556612.163831479,1421.238946775002,1309.4278125562519,,
2017-04-07 13:22:49,655679.6353263261,7556625.711554642,1419.798946775002,1306.3786361695331,,
2017-04-07 13:22:50,655654.7585118491,7556636.752719956,1421.238946775002,1305.9484212330099,,
2017-04-07 13:22:51,655629.0170421005,7556646.187096161,1421.238946775002,1304.1258601929708,,
2017-04-07 13:22:52,655602.6631248154,7556654.067468943,1421.238946775002,1302.573710525002,,
2017-04-07 13:22:53,655575.4171607606,7556660.6765903,1421.238946775002,1303.9299393482443,,
2017-04-07 13:22:54,655547.5676355835,7556665.872751277,1421.718946775002,1309.7451832658874,,
2017-04-07 13:22:55,655519.7872849248,7556670.333566062,1421.718946775002,1315.080299900002,,
2017-04-07 13:22:56,655492.0046598061,7556673.736289628,1421.718946775002,1320.404493493752,,
2017-04-07 13:22:57,655464.6219120129,7556676.835725647,1421.718946775002,1332.1483338976304,,
2017-04-07 13:22:58,655437.4511353973,7556679.498769607,1421.718946775002,1353.9406806661152,,
2017-04-07 13:22:59,655410.5963954525,7556681.104231517,1421.718946775002,1369.2544472632833,,
2017-04-07 13:23:00,655384.4328780784,7556681.92768403,1406.338946775002,1358.2151281324238,,
2017-04-07 13:23:01,655358.7597351971,7556682.743618162,1404.418946775002,1359.2559963257834,,
2017-04-07 13:23:02,655333.6766462286,7556683.408187105,1401.528946775002,1358.622517531838,,
2017-04-07 13:23:03,655309.1523529765,7556683.338872738,1399.1289467750019,1358.4498250220722,,
2017-04-07 13:23:04,655285.2114368912,7556682.649512868,1396.728946775002,1355.720294040627,,
2017-04-07 13:23:05,655261.9986784214,7556681.0866414495,1396.728946775002,1355.796524806252,,
2017-04-07 13:23:06,655239.004986821,7556678.909767441,1396.248946775002,1357.9231560816427,,
2017-04-07 13:23:07,655216.420350188,7556676.4487858815,1396.248946775002,1359.6319940601581,,
2017-04-07 13:23:08,655193.6604443749,7556672.834875514,1395.768946775002,1358.119980603127,,
2017-04-07 13:23:09,655170.7019206577,7556668.975052157,1397.208946775002,1358.0986155445332,,
2017-04-07 13:23:10,655147.5388632631,7556664.503712749,1395.288946775002,1354.3238881226582,,
2017-04-07 13:23:11,655124.1683581568,7556660.0481657395,1391.918946775002,1348.2874151734395,,
2017-04-07 13:23:12,655100.4992933795,7556655.6684421515,1390.478946775002,1344.6257223804707,,
2017-04-07 13:23:13,655076.2942881493,7556651.1816498535,1389.518946775002,1342.125937712502,,
2017-04-07 13:23:14,655051.9690532396,7556646.135301612,1389.038946775002,1340.5285078492207,,
2017-04-07 13:23:15,655027.374758061,7556640.79200531,1388.078946775002,1338.9219837085957,,
2017-04-07 13:23:16,655002.435142514,7556635.081604089,1386.1489467750018,1336.3454014429706,,
2017-04-07 13:23:17,654976.9395456201,7556629.1318592485,1385.188946775002,,,
2017-04-07 13:23:18,654950.7560785739,7556622.344850692,1385.188946775002,,,
2017-04-07 13:23:19,654924.9780773926,7556614.983227886,1385.188946775002,,,
2017-04-07 13:24:28,653732.4766376404,7556049.425824863,1611.578946775002,,,
2017-04-07 13:24:29,653756.2651761522,7556044.49118001,1613.018946775002,,,
2017-04-07 13:24:30,653783.1500640707,7556044.424422905,1612.058946775002,,,
2017-04-07 13:24:31,653811.4080405558,7556047.96128226,1611.578946775002,,,
2017-04-07 13:24:32,653841.5193737288,7556053.800778961,1610.1389467750018,1424.7053686524432,,
2017-04-07 13:24:33,653873.9809776354,7556061.766733764,1607.258946775002,1432.3797295446936,,
2017-04-07 13:24:34,653907.8989956526,7556071.356191098,1606.288946775002,1466.679354945575,,
2017-04-07 13:24:35,653943.1291904489,7556083.047520974,1603.8889467750018,1476.3983748183257,,
2017-04-07 13:24:36,653979.9273539514,7556095.432690215,1601.488946775002,1480.959845931607,,
2017-04-07 13:24:37,654017.2303138147,7556108.3824560465,1598.1189467750019,1485.1965765721773,,
2017-04-07 13:24:38,654056.4247219666,7556122.232881786,1592.838946775002,1486.5599897120137,,
2017-04-07 13:24:39,654097.5444505396,7556136.06833618,1588.508946775002,1484.1719369898458,,
2017-04-07 13:24:40,654139.9182382504,7556150.110847415,1584.178946775002,1479.7001375367208,,
2017-04-07 13:24:41,654183.2631669827,7556163.884617044,1580.818946775002,1475.8201153101581,,
2017-04-07 13:24:42,654227.572070255,7556177.567197848,1576.968946775002,1470.698830212502,,
2017-04-07 13:24:43,654272.391702254,7556191.421723189,1571.208946775002,1463.4134400757832,,
2017-04-07 13:24:44,654317.7729235662,7556205.067319984,1566.8789467750019,1458.7748852828145,,
2017-04-07 13:24:45,654363.3594947642,7556219.016388549,1561.588946775002,1456.3426180640645,,
2017-04-07 13:24:46,654409.0933888977,7556232.778505578,1556.308946775002,1454.0409393726582,,
2017-04-07 13:24:47,654454.7579504246,7556246.115878071,1550.058946775002,1450.0163682007833,,
2017-04-07 13:24:48,654500.4906039457,7556258.605995572,1544.768946775002,1445.7803735230489,,
2017-04-07 13:24:49,654546.824413051,7556270.056175691,1541.8889467750018,1443.7356268140643,,
2017-04-07 13:24:50,654593.1678870096,7556280.177994583,1538.038946775002,1440.9293786695332,,
2017-04-07 13:24:51,654639.7596166917,7556288.26472903,1534.678946775002,1437.9783618726583,,
2017-04-07 13:24:52,654686.2736772835,7556295.139577501,1532.268946775002,1433.9802736109395,,
2017-04-07 13:24:53,654733.7139442706,7556298.081646044,1527.468946775002,1427.2545928296895,,
2017-04-07 13:24:54,654781.613733166,7556297.231429883,1522.6589467750018,1420.241026252541,,
2017-04-07 13:24:55,654829.6606778611,7556292.897871846,1519.298946775002,1411.92316479258,,
2017-04-07 13:24:56,654876.9749079993,7556285.805194636,1513.048946775002,1398.705939273049,,
2017-04-07 13:24:57,654923.0811148264,7556275.887213906,1507.758946775002,1390.8269137671894,,
2017-04-07 13:24:58,654968.2621714158,7556263.619801047,1504.3889467750018,1387.6678516480488,,
2017-04-07 13:24:59,655012.8230480214,7556249.807971917,1500.548946775002,1383.986052810158,,
2017-04-07 13:25:00,655056.6744309647,7556235.120565053,1497.188946775002,1383.6974340814652,,
2017-04-07 13:25:01,655100.4421720532,7556219.857551849,1493.338946775002,1387.7790419005598,,
2017-04-07 13:25:02,655143.856700397,7556204.658197017,1490.458946775002,1392.494297868752,,
2017-04-07 13:25:03,655187.0498433982,7556189.483612155,1488.048946775002,1394.7791802007832,,
2017-04-07 13:25:04,655229.9870354254,7556174.50028458,1484.208946775002,1393.8773059273458,,
2017-04-07 13:25:05,655272.6284685467,7556159.555945373,1480.3589467750019,1392.6508416285176,,
2017-04-07 13:25:06,655314.8563388451,7556144.746470562,1476.038946775002,1390.9543773296894,,
2017-04-07 13:25:07,655357.0089868663,7556130.148505637,1472.668946775002,1390.207913025002,,
2017-04-07 13:25:08,655399.1017690988,7556115.912805452,1467.8589467750019,1387.7100218873065,,
2017-04-07 13:25:09,655440.9789075722,7556102.357720659,1465.458946775002,1387.5550397779316,,
2017-04-07 13:25:10,655482.676788458,7556090.037980733,1462.578946775002,1386.6351996070332,,
2017-04-07 13:25:11,655524.5278545769,7556079.011184955,1458.728946775002,1384.7454022925801,,
2017-04-07 13:25:12,655566.4958762113,7556069.874490214,1456.808946775002,1385.0655877222675,,
2017-04-07 13:25:13,655608.5301692792,7556063.289785778,1455.3689467750019,1385.8657731666035,,
