time,Easting,Northing,Altitude,mark,glacier,fuffens
2017-04-07 13:26:07,655007.4722702731,7556310.282121756,1390.0760526929118,1351.4878782495525,,
2017-04-07 13:26:08,654990.5818326428,7556318.777494966,1388.156052692912,1348.7339727905683,,
2017-04-07 13:26:09,654974.9337030804,7556329.014893184,1388.156052692912,1348.7105347339277,,
2017-04-07 13:26:10,654960.914833043,7556340.671139509,1388.156052692912,1348.9452034643964,,
2017-04-07 13:26:11,654948.8988452523,7556354.049700314,1388.636052692912,1349.726844675334,,
2017-04-07 13:26:12,654939.0867285746,7556369.125200659,1388.636052692912,1350.3162377417402,,
2017-04-07 13:26:13,654931.3239300703,7556385.6167276595,1388.636052692912,1351.716453112834,,
2017-04-07 13:26:14,654925.0810211846,7556403.192639071,1388.636052692912,1357.8462710486249,,
2017-04-07 13:26:15,654919.8197033339,7556421.436489413,1379.986052692912,1354.9787675171308,,
2017-04-07 13:26:16,654915.006059126,7556440.091314726,1378.5460526929119,1352.6097522397868,,
2017-04-07 13:26:17,654910.186248965,7556459.429412403,1376.616052692912,1348.0810720044356,,
2017-04-07 13:26:18,654905.09451867,7556479.041425762,1374.696052692912,1343.5311858569744,,
2017-04-07 13:26:19,654899.8769741855,7556499.057907347,1372.776052692912,1339.275603337443,,
2017-04-07 13:26:20,654894.7067091895,7556519.451847135,1371.3360526929118,1336.4340604468182,,
2017-04-07 13:26:21,654889.3818478698,7556540.0893188175,1369.886052692912,1333.633435583537,,
2017-04-07 13:26:22,654883.6828739995,7556560.722957756,1368.446052692912,1331.0678976050212,,
2017-04-07 13:26:23,654877.4836073816,7556581.298341664,1368.926052692912,1330.7780935913495,,
2017-04-07 13:26:24,654870.849619163,7556602.062904733,1367.966052692912,1329.2795596655683,,
2017-04-07 13:26:25,654864.0133842343,7556623.049406468,1368.446052692912,1329.2210816089275,,
2017-04-07 13:26:26,654857.1487755587,7556644.333884289,1367.486052692912,1328.7782018140056,,
2017-04-07 13:26:27,654850.3164136754,7556665.723331112,1367.006052692912,1330.254787759318,,
2017-04-07 13:26:28,654843.5400372411,7556687.172353195,1367.006052692912,1332.2698410913495,,
2017-04-07 13:26:29,654836.9883148221,7556709.075083758,1367.966052692912,1332.3839237866619,,
2017-04-07 13:26:30,654830.5944587395,7556731.146544128,1367.486052692912,1330.1466577808026,,
2017-04-07 13:26:31,654824.5820303813,7556753.334674056,1367.486052692912,1328.6174197632245,,
2017-04-07 13:26:32,654818.9857797463,7556775.295043984,1367.006052692912,1327.807302458537,,
2017-04-07 13:26:33,654813.3320291883,7556797.223854364,1367.006052692912,1327.479178864787,,
2017-04-07 13:26:34,654807.4182328223,7556819.230654167,1368.446052692912,1327.803494646037,,
2017-04-07 13:26:35,654800.9124332694,7556841.482708504,1367.966052692912,1325.9523613452557,,
2017-04-07 13:26:36,654793.8829176893,7556863.543998521,1368.926052692912,1326.3401731421307,,
2017-04-07 13:26:37,654785.5965147292,7556885.098741062,1368.926052692912,1325.9163662183025,,
2017-04-07 13:26:38,654775.8155525336,7556905.214867763,1368.926052692912,1325.8823200561933,,
2017-04-07 13:26:39,654764.6778332582,7556922.767539244,1368.926052692912,1326.184372536662,,
2017-04-07 13:26:40,654751.8034980014,7556937.790087643,1368.926052692912,1326.2735336499431,,
2017-04-07 13:26:41,654737.0825812662,7556949.610977956,1368.926052692912,1325.3659054175214,,
2017-04-07 13:26:42,654720.7064559874,7556957.20228811,1368.926052692912,1324.5646938061932,,
2017-04-07 13:26:43,654703.0433329911,7556959.097229951,1380.466052692912,1335.103182302287,,
2017-04-07 13:26:44,654685.9923814124,7556956.00024538,1381.906052692912,1335.1466588843182,,
2017-04-07 13:26:45,654670.5910908992,7556948.807302544,1383.3460526929118,1335.0326942554118,,
2017-04-07 13:26:46,654656.8807784898,7556937.876726907,1385.276052692912,1335.9155367847088,,
2017-04-07 13:26:47,654646.2732215413,7556923.003205767,1385.756052692912,1335.8657580249433,,
2017-04-07 13:26:48,654639.0199719036,7556904.773134011,1392.0468160253906,1360.9122330803675,1344.3270263671875,
2017-04-07 13:26:49,654634.274020982,7556884.877302992,1391.4631601318358,1358.5831977655057,1346.1422119140625,
2017-04-07 13:26:50,654631.1982174694,7556864.145597453,1390.907090609375,1355.408104023799,1348.1573486328125,
2017-04-07 13:26:51,654629.6168522541,7556843.288501608,1389.3701663183595,1351.2528950393746,1349.928466796875,
2017-04-07 13:26:52,654629.0414665759,7556822.34215526,1388.2305708496094,1347.493987800085,1350.9600830078125,
2017-04-07 13:26:53,654628.8098078574,7556801.03255005,1388.242412109375,1344.8854609085606,1352.063232421875,
2017-04-07 13:26:54,654629.0987913718,7556779.5014509875,1388.3243261425782,1342.346798547022,1353.018310546875,
2017-04-07 13:26:55,654629.7779745855,7556757.591165007,1388.8952970898438,1340.2968365766249,1354.0416259765625,
2017-04-07 13:26:56,654630.5592380487,7556735.32179182,1389.8679141308594,1338.4597768491335,1354.8682861328125,
2017-04-07 13:26:57,654631.6172599513,7556713.1627465,1391.0407275683594,1336.4550378488998,1355.8951416015625,
2017-04-07 13:26:58,654632.353170661,7556690.60033219,1391.8060633984376,1334.5792488014908,1356.551025390625,
2017-04-07 13:26:59,654632.995259269,7556667.620219843,1392.7727255175782,1333.6885137352147,1357.408203125,
2017-04-07 13:27:00,654633.4404091246,7556644.656348049,1393.8724904101562,1333.1235767719274,1357.766845703125,
2017-04-07 13:27:01,654633.5113703801,7556621.688669385,1395.25807140625,1333.0235865696336,1357.7452392578125,
2017-04-07 13:27:02,654632.9315765683,7556598.428955713,1397.6124786816406,1334.0856176210345,1358.986572265625,
2017-04-07 13:27:03,654632.1520934114,7556574.70770898,1399.177296328125,1334.3587544995933,1359.475830078125,
2017-04-07 13:27:04,654631.3539963961,7556550.713769711,1400.817431669922,1334.5465738113278,1360.318603515625,
2017-04-07 13:27:05,654630.6316490965,7556526.565183828,1401.8510045996093,1334.2967262277202,1360.949462890625,
2017-04-07 13:27:06,654629.949632932,7556502.269192336,1403.3525392382812,1334.6779238258705,1362.04833984375,
2017-04-07 13:27:07,654629.1228349679,7556478.226697417,1405.2220340234376,1335.2672650450288,1363.6158447265625,
2017-04-07 13:27:08,654628.3152419194,7556454.503772031,1407.8148195507813,1336.8048555170199,1365.7186279296875,
2017-04-07 13:27:09,654627.1655198752,7556431.696732315,1410.7177780273437,1340.320367715992,1367.7855224609375,
2017-04-07 13:27:10,654625.0696399026,7556411.061554304,1413.7967446582031,1349.6283292885373,1370.1727294921875,
2017-04-07 13:27:11,654621.2296258768,7556393.065268179,1417.6772560058594,1361.4046259305637,1373.376953125,
2017-04-07 13:27:12,654615.7914672468,7556378.072533276,1421.2887537109375,1369.4711062960837,1376.3736572265625,
2017-04-07 13:27:13,654607.9004321165,7556367.20250884,1424.8165437890625,1378.7354110607698,1379.319580078125,
2017-04-07 13:27:14,654598.3954341934,7556361.226801491,1427.0425056445313,1386.874187631056,1381.0946044921875,
2017-04-07 13:27:15,654587.6878128734,7556359.823699231,1428.2580615820314,1393.458003164835,1381.9837646484375,
2017-04-07 13:27:16,654576.0054133873,7556363.278489748,1425.917808173828,,1383.0159912109375,
2017-04-07 13:27:17,654564.8579627618,7556371.91617882,1423.3693944433594,,1382.2130126953125,
2017-04-07 13:27:18,654556.4417127005,7556384.829437637,1419.6819974375,,1381.143798828125,
2017-04-07 13:27:19,654549.9372777683,7556400.573564625,1415.9681200390626,,1379.7196044921875,
2017-04-07 13:27:20,654544.2222682354,7556417.854211528,1413.6683106835937,1380.107241273515,1378.894775390625,
2017-04-07 13:27:21,654539.2708812838,7556436.285872727,1411.0630765625,1371.575864993332,1377.716064453125,
2017-04-07 13:27:22,654534.8195438958,7556455.421888747,1408.663984375,1363.8108001444332,1376.345458984375,
2017-04-07 13:27:23,654530.4445176303,7556474.628061966,1407.915839638672,1357.5149432857268,1376.3720703125,
2017-04-07 13:27:24,654526.2190152344,7556493.908786398,1406.9993841796875,1350.857724275333,1376.424072265625,
2017-04-07 13:27:25,654522.0638775897,7556513.474695861,1406.3262260839845,1345.9238672117283,1376.7193603515625,
2017-04-07 13:27:26,654517.618752575,7556533.266634099,1405.7439458105468,1342.3475613076992,1376.911865234375,
2017-04-07 13:27:27,654512.6629687143,7556553.055949127,1405.1479098339844,1338.3908622029371,1377.01904296875,
2017-04-07 13:27:28,654507.4313628428,7556572.894234727,1404.843534951172,1335.2332130892423,1377.259765625,
2017-04-07 13:27:29,654502.0676016676,7556593.127259561,1404.4312208789063,,1377.392578125,
2017-04-07 13:27:30,654496.7566416131,7556613.297906504,1403.7957076269531,,1377.2899169921875,
2017-04-07 13:27:31,654491.6479828446,7556633.771040954,1403.6434426464843,,1377.5013427734375,1332.5829003978938
2017-04-07 13:27:32,654486.8592416844,7556654.394539073,1403.2063182714844,,1377.3837890625,1331.606495711607
2017-04-07 13:27:33,654482.2434242266,7556675.168918887,1402.9127485546876,,1377.4097900390625,1330.639170902298
2017-04-07 13:27:34,654477.5569274796,7556696.013974609,1402.5046780273437,,1377.3212890625,1329.4223233237929
2017-04-07 13:27:35,654472.8357442594,7556716.913124087,1402.3876412500001,,1377.2767333984375,1328.4771494061154
2017-04-07 13:27:36,654467.9378176557,7556737.726733029,1402.8382179785156,,1377.1578369140625,1327.8365228083437
2017-04-07 13:27:37,654462.9734782134,7556758.423977373,1403.2170173339844,,1376.9671630859375,1327.6092958216
2017-04-07 13:27:38,654457.7336685647,7556779.048457645,1403.1566066210937,,1376.3372802734375,1328.738655062336
2017-04-07 13:27:39,654452.1565367593,7556799.465365927,1403.2012984472656,,1375.8125,1331.9213900977147
2017-04-07 13:27:40,654446.2634420817,7556819.610427655,1403.2812642382812,,1375.0272216796875,1336.0886466078605
2017-04-07 13:27:41,654439.9842341148,7556839.5449637445,1403.4477542382813,,1373.81103515625,1338.626905379553
2017-04-07 13:27:42,654433.7290284492,7556859.256215562,1403.40670875,,1372.60546875,1338.4326723600261
2017-04-07 13:27:43,654427.48187973,7556878.893026675,1404.1380126513673,,1371.8106689453125,1338.6377411335823
2017-04-07 13:27:44,654421.2664657942,7556898.119720486,1404.9454493554688,,1370.80859375,1339.2842727442792
2017-04-07 13:27:45,654414.4716588022,7556917.208555253,1405.3729097460937,,1369.68505859375,1339.551044331056
2017-04-07 13:27:46,654407.2106998214,7556936.138268145,1406.2928897460938,1336.7018223402215,1369.0546875,
2017-04-07 13:27:47,654399.9850150996,7556954.948368185,1407.141093984375,1342.5651803213796,1368.3974609375,
2017-04-07 13:27:48,654392.8734972639,7556973.315839229,1409.054272109375,1350.9329760597357,1368.8260498046875,
2017-04-07 13:27:49,654385.9308452319,7556990.738263384,1410.29087484375,1358.4425779908192,1368.5711669921875,
2017-04-07 13:27:50,654378.3094855738,7557005.834887295,1413.28560971875,1368.0831906416354,1369.2838134765625,
2017-04-07 13:27:51,654369.118167157,7557017.718662812,1415.8834223242188,1375.507337719956,1369.6177978515625,
2017-04-07 13:27:52,654358.4488811861,7557025.6740461895,1419.248950708008,1381.4608948904252,1371.0992431640625,
2017-04-07 13:27:53,654346.6698655307,7557028.056264187,1408.3460526929118,1344.1733958765055,,
2017-04-07 13:27:54,654334.653192549,7557024.964573436,1420.3560526929118,1356.1748031030681,,
2017-04-07 13:27:55,654322.9843182229,7557016.668318061,1419.876052692912,1355.5207791382245,,
2017-04-07 13:27:56,654313.2258488847,7557004.001222781,1423.6873727734376,1387.0018301478908,1376.71923828125,
2017-04-07 13:27:57,654306.0408642842,7556988.445278977,1421.855496515625,1384.5056888011566,1378.24365234375,
2017-04-07 13:27:58,654301.7532512139,7556970.956427616,1420.9150682714844,1381.9927239144747,1379.85693359375,
2017-04-07 13:27:59,654300.5749165391,7556952.259091935,1419.37023890625,1377.0688312857894,1381.2301025390625,
2017-04-07 13:28:00,654302.3326802662,7556933.3730023885,1418.8045948144531,1371.497347467043,1382.9144287109375,
2017-04-07 13:28:01,654306.3231224489,7556914.302676051,1418.361694140625,1365.1384815158108,1383.5970458984375,
2017-04-07 13:28:02,654311.7722391695,7556895.469867177,1418.577025576172,1358.8960977431639,1384.8109130859375,
2017-04-07 13:28:03,654317.838773127,7556876.552425934,1418.952642216797,1352.4488097212989,1385.8751220703125,
2017-04-07 13:28:04,654323.8327279363,7556857.621268733,1418.79087359375,1348.1576600061924,1386.5740966796875,
2017-04-07 13:28:05,654329.2254183795,7556838.391759449,1419.0941950976562,,1387.7381591796875,1347.8937705321007
2017-04-07 13:28:06,654333.1663438794,7556818.868983055,1419.6769038574218,,1389.1259765625,1351.3457831810254
2017-04-07 13:28:07,654335.5796958006,7556799.207554544,1419.6204783203125,,1390.147216796875,1355.005162367363
2017-04-07 13:28:08,654336.7099087934,7556779.356637123,1419.6733744921876,,1391.7073974609375,1356.7274596978252
2017-04-07 13:28:09,654336.5181743394,7556759.379425827,1419.4124121679688,,1393.021728515625,1356.0761991671563
2017-04-07 13:28:10,654335.6237551591,7556739.275693974,1419.4876909570312,,1394.2115478515625,1355.213005764559
2017-04-07 13:28:11,654334.6166240601,7556719.183926376,1420.0165573242186,,1395.0714111328125,1353.6878086513818
2017-04-07 13:28:12,654333.4159522997,7556699.342738491,1421.3159178808594,,1396.61279296875,1352.7466058161551
2017-04-07 13:28:13,654332.1560173188,7556679.78831159,1422.8080076757813,,1397.3642578125,1352.3616490731627
2017-04-07 13:28:14,654331.0828684705,7556660.385575827,1424.0959276464844,,1397.912109375,1351.589874720213
2017-04-07 13:28:15,654330.1899324636,7556640.778277194,1425.2649893847656,,1398.64599609375,1349.9531950058952
2017-04-07 13:28:16,654329.531061122,7556620.885388075,1426.1770807226562,,1399.231689453125,1348.0665018461168
2017-04-07 13:28:17,654328.9951349351,7556600.634657748,1427.1354054785156,,1399.8636474609375,1346.7649116370944
2017-04-07 13:28:18,654328.4838582642,7556579.973365362,1428.8322701855468,,1401.1253662109375,1346.2017697973242
2017-04-07 13:28:19,654328.0396238063,7556558.894684874,1429.8458154296875,,1401.7037353515625,1344.7814407746735
2017-04-07 13:28:20,654327.2804771415,7556537.2913868595,1431.1775294140625,,1402.583984375,1343.6784604251436
2017-04-07 13:28:21,654325.9381906475,7556515.259726699,1432.4160545703126,,1403.09375,1343.0034406953507
2017-04-07 13:28:22,654324.0778724038,7556492.822344401,1433.961211376953,,1403.88427734375,
2017-04-07 13:28:23,654321.9181575043,7556470.067304078,1435.4153958007812,,1404.7347412109375,
2017-04-07 13:28:24,654319.7093920982,7556446.962826621,1436.6349113183594,,1405.251220703125,
2017-04-07 13:28:25,654317.2136057757,7556423.62572293,1438.4741755664063,,1406.3104248046875,
2017-04-07 13:28:26,654314.3466683478,7556400.116488762,1440.1254835546874,1353.5732469990335,1406.9866943359375,
2017-04-07 13:28:27,654311.7646379537,7556376.465172803,1442.9545356640624,1358.7033909040915,1408.8406982421875,
2017-04-07 13:28:28,654309.4651475347,7556352.652917408,1445.3520603710938,1364.4645433465232,1410.409912109375,
2017-04-07 13:28:29,654307.2869383116,7556328.801131331,1448.3419530078124,1370.9958061094537,1412.3291015625,
2017-04-07 13:28:30,654304.8868070755,7556305.263787786,1451.4934128222656,1378.9727550725497,1414.4857177734375,
2017-04-07 13:28:31,654301.786594582,7556282.602127528,1455.3895423632812,1388.963672276432,1417.66943359375,
2017-04-07 13:28:32,654297.6901895219,7556262.249905084,1459.3954346875,1400.5139362822897,1420.7847900390625,
2017-04-07 13:28:33,654291.9177388783,7556245.271328677,1462.993089326172,1411.84456317445,1423.4822998046875,
2017-04-07 13:28:34,654283.6551592001,7556232.98476044,1467.6130851904297,1422.1874666151953,1426.537109375,
2017-04-07 13:28:35,654274.183727403,7556224.858460752,1470.7832186914063,1429.999448446733,1427.7786865234375,
2017-04-07 13:28:36,654264.0310092729,7556221.373656127,1454.966052692912,1389.0194564680235,,
2017-04-07 13:28:37,654253.354901715,7556222.699009615,1454.966052692912,1391.389489226115,,
2017-04-07 13:28:38,654242.9610019539,7556228.648817096,1472.00292328125,1436.2759762462847,1429.1795654296875,
2017-04-07 13:28:39,654233.5040873887,7556238.634942042,1469.6827251171876,1432.194149316884,1427.639404296875,
2017-04-07 13:28:40,654224.7526798309,7556252.025383944,1466.8541609765625,1423.2916084912306,1425.785888671875,
2017-04-07 13:28:41,654216.0823213824,7556267.855561627,1465.5921962695313,1415.5725513792001,1425.303955078125,
2017-04-07 13:28:42,654207.7955054357,7556285.225866851,1463.5676611523438,1407.4502023369587,1424.2930908203125,
2017-04-07 13:28:43,654200.838412094,7556304.754995627,1461.4887542382812,1399.2735404622917,1423.2742919921875,
2017-04-07 13:28:44,654195.9083109442,7556325.670078328,1459.6930508789062,1391.563328114137,1422.5435791015625,
2017-04-07 13:28:45,654193.4162584081,7556347.068677214,1458.2633933496095,1384.402587722067,1422.2230224609375,
2017-04-07 13:28:46,654192.9819565598,7556368.581461906,1456.7715624121095,1377.358583956529,1421.540283203125,
2017-04-07 13:28:47,654193.4168171519,7556390.071509804,1455.8643304101563,1371.4414783972775,1420.9815673828125,
2017-04-07 13:28:48,654193.5702287926,7556411.469748844,1454.807841767578,1365.5629730592004,1420.21142578125,
2017-04-07 13:28:49,654192.5044059088,7556432.776047262,1455.0602399902343,1359.175856403098,1420.4920654296875,
2017-04-07 13:28:50,654190.4028137373,7556454.432211191,1454.7806014648438,1354.5814394686624,1420.1353759765625,
2017-04-07 13:28:51,654188.0186959204,7556476.53964271,1454.9292621972656,,1420.2249755859375,
2017-04-07 13:28:52,654185.3447190523,7556498.929341549,1453.8431787402344,,1419.4979248046875,
2017-04-07 13:28:53,654182.3515575264,7556521.215602711,1453.1995021582031,,1419.334716796875,
2017-04-07 13:28:54,654178.7975328502,7556543.402630428,1452.3420995214844,,1418.98095703125,1356.4255636417727
2017-04-07 13:28:55,654174.5888392443,7556565.887486175,1451.827314951172,,1419.03564453125,1357.2696000026394
2017-04-07 13:28:56,654170.1571917199,7556588.415146155,1451.7399607617187,,1419.091552734375,1359.050043179404
2017-04-07 13:28:57,654165.6347624416,7556611.115293491,1451.9722016210937,,1419.0374755859375,1361.149652313642
2017-04-07 13:28:58,654161.1564047148,7556634.01474961,1452.3157763964844,,1419.0582275390625,1363.36064078417
2017-04-07 13:28:59,654156.3680695227,7556657.007973608,1452.736958330078,,1419.0233154296875,1365.649101345592
2017-04-07 13:29:00,654151.2934787399,7556680.049577741,1452.7712553515626,,1418.7095947265625,1367.5507898917238
2017-04-07 13:29:01,654145.7023006573,7556703.013340272,1452.408335283203,,1418.1832275390625,1369.80264337539
2017-04-07 13:29:02,654139.6269168961,7556725.82630675,1451.6011183691405,,1417.2830810546875,1372.1817780090003
2017-04-07 13:29:03,654133.2083458848,7556748.412659093,1451.3622027636718,,1416.9512939453125,1375.3062898519115
2017-04-07 13:29:04,654126.7167096542,7556770.760514621,1450.4053619433594,,1415.849609375,1377.8898082467845
2017-04-07 13:29:05,654120.477156451,7556793.048599117,1450.2895459570314,,1415.0577392578125,1381.1369079986705
2017-04-07 13:29:06,654114.4906797983,7556815.202036664,1450.0350292773437,,1413.808837890625,1384.2467417510397
2017-04-07 13:29:07,654108.6971347916,7556837.348336944,1449.709394736328,,1412.55322265625,1387.4632601378878
2017-04-07 13:29:08,654103.0286593521,7556859.277404462,1449.3473163867188,,1411.46630859375,1389.7315172504357
2017-04-07 13:29:09,654097.2438486974,7556881.1058487445,1449.045625859375,,1410.09619140625,1391.0947226725332
2017-04-07 13:29:10,654090.7762189857,7556902.537453319,1449.3321675878906,,1408.55712890625,1393.04113807885
2017-04-07 13:29:11,654083.0746651266,7556922.612052244,1450.4785215478516,,1407.5059814453125,1395.8470509665149
2017-04-07 13:29:12,654073.2891140517,7556940.45455691,1451.6462743408204,,1406.3812255859375,1398.5081149141397
2017-04-07 13:29:13,654060.9589242474,7556955.288152574,1453.5888672753906,,1406.03857421875,1401.7612119062671
2017-04-07 13:29:14,654046.5049880655,7556966.220406677,1455.4911492773438,,1406.5125732421875,1404.699494321064
2017-04-07 13:29:15,654030.562200935,7556972.989766513,1455.446052692912,,,1289.4699996
2017-04-07 13:29:16,654014.7531705702,7556974.148430359,1459.776052692912,,,1296.4079962
2017-04-07 13:29:17,654000.3423451871,7556970.427771062,1459.776052692912,,,1298.5814962499999
2017-04-07 13:29:18,653988.1681029899,7556962.430567608,1461.216052692912,,,1301.75900695
2017-04-07 13:29:19,653979.0424526709,7556950.383434283,1465.0560526929119,,,1306.3219989
2017-04-07 13:29:20,653972.5913337021,7556935.331461174,1464.9487532421874,,1414.9864501953125,1417.6668880413665
2017-04-07 13:29:21,653968.8260757946,7556917.902742535,1464.4902592421874,,1416.9241943359375,1417.450647746173
2017-04-07 13:29:22,653967.3303724567,7556898.681010212,1463.906357421875,,1419.298583984375,1417.1093055924684
2017-04-07 13:29:23,653967.0689449129,7556878.887134945,1462.7376120703125,,1420.7523193359375,1416.1830054270476
2017-04-07 13:29:24,653967.8827109,7556858.549036295,1462.272354111328,,1423.26708984375,1415.9603280885103
2017-04-07 13:29:25,653969.4978406277,7556837.566007705,1460.3826787226562,,1424.6492919921875,1414.268987243978
2017-04-07 13:29:26,653971.4475172544,7556816.546843418,1460.1626416601562,,1426.1881103515625,1413.2988872570304
2017-04-07 13:29:27,653973.7054031673,7556795.405701299,1460.1182958203126,,1427.3240966796875,1412.1817517930451
2017-04-07 13:29:28,653976.4179694204,7556773.917234295,1460.0128904296876,,1428.63232421875,1411.1573723925299
2017-04-07 13:29:29,653979.2017965263,7556751.824330604,1459.7466798339844,,1429.508056640625,1409.8184511281568
2017-04-07 13:29:30,653981.695639626,7556729.433105748,1459.7240676171875,,1430.6109619140625,1404.0350189898302
2017-04-07 13:29:31,653984.1687595682,7556706.862705773,1459.1065970507811,,1431.3441162109375,1396.0474926480522
2017-04-07 13:29:32,653986.5065355718,7556684.040719132,1458.910703828125,,1432.242431640625,1392.7426376963908
2017-04-07 13:29:33,653988.6567978265,7556661.02018127,1459.454707529297,,1433.0595703125,1391.4139738418087
2017-04-07 13:29:34,653991.1355202389,7556637.832056944,1460.3698488964844,,1434.0804443359375,1390.4562382438614
2017-04-07 13:29:35,653993.542468642,7556614.499157324,1460.5971822070312,,1434.3870849609375,1388.810695205065
2017-04-07 13:29:36,653995.954597918,7556591.138470274,1461.192285390625,,1435.0615234375,1387.5328872616935
2017-04-07 13:29:37,653998.1528203061,7556567.727505694,1461.7831636816406,,1435.603271484375,1386.0805136550414
2017-04-07 13:29:38,653999.9795491598,7556544.209977842,1461.948549453125,,1435.4598388671875,1384.5452525214766
2017-04-07 13:29:39,654001.4839799927,7556520.757396315,1462.7702142578125,,1435.97265625,1384.070737996315
2017-04-07 13:29:40,654002.4244467474,7556497.139896309,1463.5539691992187,,1436.4444580078125,1383.5872806394539
2017-04-07 13:29:41,654003.007893092,7556473.407338787,1464.3031833007813,,1436.862060546875,1383.0694304424935
2017-04-07 13:29:42,654003.6646733688,7556449.735366408,1464.8069820703124,,1437.16552734375,1382.3060290576857
2017-04-07 13:29:43,654004.4708444037,7556425.847607799,1465.2766268847656,,1437.7994384765625,1379.9862799888147
2017-04-07 13:29:44,654005.349273358,7556401.804975139,1466.5525583300782,,1438.422607421875,1376.8047636263348
2017-04-07 13:29:45,654006.4886775269,7556377.553247573,1467.8157080664062,,1438.9327392578125,1373.6103500223298
2017-04-07 13:29:46,654007.8890188783,7556353.326531052,1469.167943828125,,1439.2801513671875,1370.6830712029955
2017-04-07 13:29:47,654009.5717885055,7556329.116751721,1470.3571337890626,,1439.0797119140625,1367.5924453937582
2017-04-07 13:29:48,654011.3729365177,7556305.091993712,1471.7806500292968,,1439.3485107421875,1366.3409158300303
2017-04-07 13:29:49,654013.4008235128,7556281.371150494,1473.5750690039063,1353.3369023544249,1440.069580078125,
2017-04-07 13:29:50,654015.7329438676,7556258.295976921,1474.9924856738282,1357.2431146605966,1440.4190673828125,
2017-04-07 13:29:51,654017.8868619435,7556235.800091939,1477.42611828125,1363.5881052167458,1441.7847900390625,
2017-04-07 13:29:52,654019.8064802366,7556214.001877949,1479.951956875,1371.6532210952296,1442.8741455078125,
2017-04-07 13:29:53,654021.321710634,7556193.228253518,1484.038651640625,1383.473266298771,1445.074951171875,
2017-04-07 13:29:54,654021.9365423176,7556174.339116415,1487.9763472460938,1395.4977253671852,1446.71826171875,
2017-04-07 13:29:55,654020.7635806516,7556158.067895711,1493.2327838710937,1410.1027925837182,1449.356201171875,
2017-04-07 13:29:56,654017.328917649,7556144.7888447605,1497.604707001953,1428.8903887870613,1451.1717529296875,
2017-04-07 13:29:57,654011.5060242353,7556135.327854142,1501.62928796875,1446.969109988548,1453.239990234375,
2017-04-07 13:29:58,654003.7000892181,7556129.756047707,1504.053755,1458.3824605629875,1454.2977294921875,
2017-04-07 13:29:59,653994.036960578,7556127.200718613,1487.656052692912,1417.2406041421307,,
2017-04-07 13:30:00,653982.4050286162,7556128.881954706,1504.476052692912,1439.9175903947348,,
2017-04-07 13:30:01,653970.043264854,7556135.557683709,1502.5560526929119,1437.374357335769,,
2017-04-07 13:30:02,653958.451167221,7556146.325132581,1500.669789609375,1459.2341412873272,1454.1241455078125,
2017-04-07 13:30:03,653947.9790044229,7556160.362465673,1497.850391796875,1449.7734672160414,1452.89404296875,
2017-04-07 13:30:04,653939.0538389779,7556176.908633939,1495.1458295117188,1440.2480928575505,1451.739013671875,
2017-04-07 13:30:05,653931.3586864934,7556195.588769624,1492.566694453125,1428.6777293303812,1450.6224365234375,
2017-04-07 13:30:06,653924.862241071,7556215.6986407265,1489.9672316796875,1413.651986408361,1449.4840087890625,
2017-04-07 13:30:07,653919.6814605318,7556236.5709797945,1487.7881898632813,1398.1381858684995,1448.7442626953125,
2017-04-07 13:30:08,653915.814933356,7556258.112071122,1486.2460206835938,1385.7952371030108,1448.3883056640625,
2017-04-07 13:30:09,653912.713547554,7556280.082960671,1484.8572752539062,1377.0432299755796,1448.185791015625,
2017-04-07 13:30:10,653910.1966581414,7556302.5196561385,1483.5123143945314,1370.8586210008461,1447.884765625,
2017-04-07 13:30:11,653908.2842853712,7556325.7885732,1482.8795111621093,,1447.870361328125,
2017-04-07 13:30:12,653906.4789530544,7556349.607065841,1481.7289798144532,,1447.3382568359375,
2017-04-07 13:30:13,653904.1841749941,7556373.826992663,1480.291235078125,,1446.7227783203125,
2017-04-07 13:30:14,653900.8021182355,7556397.972388192,1479.0498879882812,,1446.4136962890625,1376.1085125093039
2017-04-07 13:30:15,653896.3940719005,7556421.897115916,1477.889062265625,,1446.005859375,1375.6949570151316
2017-04-07 13:30:16,653891.5521860652,7556445.880122895,1477.1982225683594,,1445.777587890625,1375.9006594758587
2017-04-07 13:30:17,653886.794207831,7556469.690240958,1476.7512893847656,,1445.495361328125,1376.4993770478688
2017-04-07 13:30:18,653881.9910970293,7556493.553845046,1476.6577788183595,,1445.5665283203125,1377.4514057827816
2017-04-07 13:30:19,653877.4233498733,7556517.169339275,1476.2916550097657,,1445.3651123046875,1377.9815754124243
2017-04-07 13:30:20,653873.063700337,7556541.050161656,1476.0851958398437,,1444.93505859375,1378.671077663789
2017-04-07 13:30:21,653868.843365833,7556565.351375209,1475.8928268554687,,1444.2764892578125,1379.52853046883
2017-04-07 13:30:22,653864.8089134553,7556590.113230942,1476.0764501953124,,1443.7408447265625,1381.5606242765284
2017-04-07 13:30:23,653861.2173784391,7556615.191933044,1476.0265667089843,,1442.9508056640625,1383.7630585778916
2017-04-07 13:30:24,653858.108381804,7556640.3931969805,1476.1844189453125,,1442.3685302734375,1386.1733381595132
2017-04-07 13:30:25,653855.2600658631,7556665.507071367,1476.1404350683595,,1441.6446533203125,1388.555073879287
2017-04-07 13:30:26,653852.3152777171,7556690.596430253,1475.7282080664063,,1441.2076416015625,1391.297372276903
2017-04-07 13:30:27,653849.1906404215,7556715.534554261,1474.6436128125,,1440.25634765625,1395.045378673004
2017-04-07 13:30:28,653845.8441995922,7556740.262732533,1473.798574013672,,1439.54443359375,1399.7537963522489
2017-04-07 13:30:29,653841.5509915364,7556764.559597084,1473.8884078515625,,1438.689208984375,1404.8486288770605
2017-04-07 13:30:30,653835.3414683643,7556787.439961184,1474.5236911328125,,1437.83642578125,1409.9420304305293
2017-04-07 13:30:31,653826.4791064743,7556807.941994269,1475.981422125,,1437.0699462890625,1415.4993020983989
2017-04-07 13:30:32,653814.8487068019,7556825.478187427,1478.665576891741,,1436.130615234375,1420.7588523024476
2017-04-07 13:30:33,653800.6956661365,7556839.398403867,1481.7823766367187,,1435.650146484375,1425.1635451502616
2017-04-07 13:30:34,653784.6199216666,7556849.148647153,1484.1969872607422,,1435.415771484375,1428.2213851507101
2017-04-07 13:30:35,653767.0968910842,7556853.858416337,1486.9814118066406,,1435.928955078125,1431.0487098315448
2017-04-07 13:30:36,653748.9731993437,7556853.4098853655,1489.6457518652344,,1437.147216796875,1433.7569827603588
2017-04-07 13:30:37,653731.7434269595,7556849.250434469,1490.9079140136719,,1438.1944580078125,1435.0528318738232
2017-04-07 13:30:38,653715.7632172917,7556841.457517121,1492.7021086132813,,1439.89794921875,1436.880484165226
2017-04-07 13:30:39,653701.9118534698,7556829.952652532,1493.480790859375,,1441.514892578125,1437.7050326583558
2017-04-07 13:30:40,653691.4387680208,7556814.20189001,1494.2410000683594,,1443.4447021484375,1438.5110541560573
2017-04-07 13:30:41,653684.8497620067,7556795.574620763,1494.7409064257813,,1445.82421875,1439.0577081106912
2017-04-07 13:30:42,653682.1724025636,7556775.364750924,1494.1151915234375,,1448.13037109375,1438.4794667167587
2017-04-07 13:30:43,653682.8025025857,7556754.023083213,1493.097919555664,,1449.7364501953125,1437.4981141629762
2017-04-07 13:30:44,653686.301601137,7556733.031053796,1492.1567429882812,,1451.11376953125,1436.5927687119179
2017-04-07 13:30:45,653691.9365546503,7556712.129405601,1490.8943895117188,,1451.7513427734375,1435.1873658413024
2017-04-07 13:30:46,653699.1087771985,7556690.973301751,1489.4134802539063,,1451.7984619140625,1432.9299130105196
2017-04-07 13:30:47,653706.7324315808,7556669.057595099,1488.2719286132813,,1452.1522216796875,1431.1009392079989
2017-04-07 13:30:48,653714.6115014325,7556645.799331552,1486.7555132226562,,1452.0860595703125,1428.8971733230806
2017-04-07 13:30:49,653721.3721754047,7556621.762415744,1485.8248090820312,,1452.6055908203125,1425.3168186522623
2017-04-07 13:30:50,653726.7044838907,7556597.79919634,1484.8440481640625,,1453.1236572265625,1418.9615189868368
2017-04-07 13:30:51,653731.3680451503,7556573.552477795,1483.787173046875,,1453.6407470703125,1411.8085340873897
2017-04-07 13:30:52,653735.6917989523,7556549.313507212,1482.6430420703125,,1453.9105224609375,1404.5681578681692
2017-04-07 13:30:53,653740.0746257431,7556524.731586318,1482.280664296875,,1454.410400390625,1398.1090485832826
2017-04-07 13:30:54,653744.8613709542,7556500.417331601,1482.011572734375,,1454.8212890625,1391.743092103012
2017-04-07 13:30:55,653749.8659026817,7556475.797728645,1481.7162746191407,,1455.1248779296875,
2017-04-07 13:30:56,653754.9612864733,7556451.239744842,1481.9088714257812,,1455.3358154296875,
2017-04-07 13:30:57,653759.8536614426,7556426.800730641,1482.2142178417969,,1455.547119140625,
2017-04-07 13:30:58,653764.3639543938,7556402.432479897,1482.4352740234374,,1455.674072265625,
2017-04-07 13:30:59,653768.5416806603,7556377.950684034,1482.9891899804688,,1456.157470703125,
2017-04-07 13:31:00,653772.6240604795,7556353.425709745,1483.8727926757813,,1456.904052734375,
2017-04-07 13:31:01,653776.675975719,7556328.533698757,1484.9386674316406,,1457.4305419921875,
2017-04-07 13:31:02,653781.0617112038,7556303.5024831705,1486.149624140625,,1457.8924560546875,
2017-04-07 13:31:03,653785.3741833103,7556277.942472728,1487.2272907714844,,1458.1368408203125,
2017-04-07 13:31:04,653789.1993785909,7556252.456285597,1488.1096883203124,,1458.30322265625,
2017-04-07 13:31:05,653792.2521905823,7556226.895762194,1489.3862799414062,,1458.86376953125,
2017-04-07 13:31:06,653794.6489284595,7556201.30531603,1490.8229057421875,,1459.5843505859375,
2017-04-07 13:31:07,653796.7501385763,7556175.5660656495,1493.2902688867186,,1461.1302490234375,
2017-04-07 13:31:08,653798.5782471055,7556149.829198379,1495.8225192382813,,1462.599365234375,
2017-04-07 13:31:09,653800.3527855695,7556124.285780792,1499.2451463085938,,1464.933349609375,
2017-04-07 13:31:10,653802.0686218116,7556098.495356852,1503.5200680957032,,1468.233154296875,
2017-04-07 13:31:11,653803.6452436114,7556072.808980555,1506.6680312304688,,1471.0452880859375,
2017-04-07 13:31:12,653804.6538426775,7556047.4912787285,1510.8990000195313,,1474.9674072265625,
2017-04-07 13:31:13,653804.2222717811,7556023.079976066,1515.5379688378907,,1479.143310546875,
2017-04-07 13:31:14,653800.9561824364,7556000.9431165205,1520.1482134179687,,1483.098388671875,
2017-04-07 13:31:15,653794.6654973442,7555981.565657403,1525.3492041796876,,1487.1231689453125,
