Easting,Northing,fuffens,r,g,b,Name
654385.3300605305,7556687.217671881,1326.8058704765624,248,57,4,1
654364.9931013867,7556683.457153921,1331.0173853989259,248,57,4,1
654344.3956227971,7556679.606228872,1334.9375212324221,248,57,4,1
654323.7416312866,7556675.705251855,1338.8740422552085,248,57,4,1
654302.9986262312,7556671.770996577,1343.0147140810548,248,57,4,1
654282.3714938961,7556667.712775496,1346.3990010966795,248,57,4,1
654261.7403796086,7556663.720034213,1349.7354948017578,248,57,4,1
654241.1622612652,7556659.543348775,1352.4127871894532,248,57,4,1
654220.547919915,7556655.03689833,1355.116865546875,248,57,4,1
654199.5972108529,7556650.3043853985,1357.980503729492,248,57,4,1
654178.3617381302,7556645.302104135,1361.231889421875,248,57,4,1
654156.9336907002,7556639.951322118,1363.8413034785158,248,57,4,1
654135.4063250562,7556634.388729988,1366.4209237747395,248,57,4,1
654113.6899829169,7556628.534049005,1368.2532903544925,248,57,4,1
654092.0575285406,7556622.562844749,1370.2195830546875,248,57,4,1
654070.4846908245,7556616.529845611,1371.8063036445312,248,57,4,1
654048.6519154165,7556610.687472364,1372.9156914912107,248,57,4,1
654026.7226310014,7556605.11108328,1374.0121115913087,248,57,4,1
654004.6799286589,7556600.024401073,1374.0215243414716,248,57,4,1
653982.4040359521,7556595.382806671,1374.1553188447267,248,57,4,1
653960.0159552889,7556590.744046474,1373.9207138730471,248,57,4,1
653937.7775349182,7556585.53384666,1374.628009834961,248,57,4,1
653915.8701930804,7556579.81927579,1374.996299486328,248,57,4,1
653894.7227755149,7556574.3845477635,1375.171692001367,248,57,4,1
653874.0903532093,7556569.58020525,1375.4557890521485,248,57,4,1
653854.099046997,7556565.170287442,1375.3204095397134,248,57,4,1
653834.6033180967,7556560.780866163,1375.0083341595052,248,57,4,1
653815.3391632349,7556555.328522935,1374.7043826881977,248,57,4,1
653796.4040589748,7556547.302043311,1374.4723161659226,248,57,4,1
653777.9567692985,7556535.56843889,1374.0602752165523,248,57,4,1
653761.1843319117,7556519.936574533,1373.660864470703,248,57,4,1
653746.2367638475,7556500.2374708615,1374.4087491368814,248,57,4,1
653734.2412429224,7556477.222194518,1375.405959856608,248,57,4,1
653728.060625201,7556450.472106532,1376.8515160195313,248,57,4,1
654225.648921626,7556876.9785437975,1346.8536017285155,248,57,4,1
654202.7184625877,7556874.599258533,1350.2892682558593,248,57,4,1
654179.8759371263,7556871.804042682,1354.232986438802,248,57,4,1
654157.3173663685,7556868.707674747,1359.422699408203,248,57,4,1
654134.5502117551,7556865.355514248,1364.1331076546226,248,57,4,1
654111.7226823183,7556861.784539677,1369.4378932903646,248,57,4,1
654088.9186977778,7556858.112173844,1373.4001913494142,248,57,4,1
654066.2728824604,7556854.018737209,1377.1795004731446,248,57,4,1
654043.7954423068,7556849.392443122,1380.5945342314453,248,57,4,1
654021.3843419148,7556844.592407874,1383.2309814121095,248,57,4,1
653999.157118508,7556839.70059128,1385.2527453798828,248,57,4,1
653977.0264413711,7556834.889673542,1387.4440675019532,248,57,4,1
653954.9813012035,7556830.168365579,1389.4267941914059,248,57,4,1
653933.1317385201,7556825.393416791,1391.6725689570312,248,57,4,1
653911.2108807963,7556820.464562234,1393.7505298779295,248,57,4,1
653889.0890409088,7556815.327196314,1395.6830639746095,248,57,4,1
653867.0573364461,7556810.260965412,1397.9285374609376,248,57,4,1
653844.6459956601,7556805.106644537,1400.0011004091793,248,57,4,1
653822.0201436013,7556799.677456412,1402.5088121904296,248,57,4,1
653799.1270598515,7556794.035809288,1404.5715422050782,248,57,4,1
653776.2351890681,7556787.963680662,1407.2918277845056,248,57,4,1
653753.4815139557,7556780.926115213,1409.723363686849,248,57,4,1
653731.2074777264,7556771.894709341,1411.8299058076173,248,57,4,1
653709.452034594,7556759.69186735,1414.0630593795572,248,57,4,1
653688.8519628139,7556744.37439805,1416.3106580810547,248,57,4,1
653670.0671171626,7556725.438644019,1418.8651937080078,248,57,4,1
653654.1371924265,7556702.815675778,1421.0507527749025,248,57,4,1
653641.437135115,7556677.08037228,1422.2055027333984,248,57,4,1
653632.6716231868,7556648.677541247,1422.506982880078,248,57,4,1
653628.2656476024,7556617.932205499,1420.2053606500654,248,57,4,1
653628.091418314,7556585.754443515,1417.4079555403644,248,57,4,1
653631.9122564871,7556552.710656939,1416.1636907109375,248,57,4,1
653639.5927341214,7556519.429576223,1413.8773564836774,248,57,4,1
653650.9244531961,7556486.882004669,1405.9383910460567,248,57,4,1
654379.661882628,7556635.595364616,1326.6247557353515,248,57,4,1
654357.6291827513,7556629.94431929,1330.920852771875,248,57,4,1
654335.9754135192,7556624.391167304,1335.2426685423175,248,57,4,1
654314.2523455154,7556618.534367946,1339.473097601888,248,57,4,1
654292.7680221326,7556612.429883129,1345.2575377734374,248,57,4,1
654271.3992144845,7556606.323161706,1350.7680518421225,248,57,4,1
654250.360408784,7556600.255172595,1356.133107460612,248,57,4,1
654229.3753692112,7556594.106316647,1359.7803980520832,248,57,4,1
654208.0615140216,7556588.012804314,1363.7664941625978,248,57,4,1
654186.9023473322,7556582.022411631,1367.0953022807616,248,57,4,1
654165.7903441023,7556576.119316611,1368.8547395205078,248,57,4,1
654144.5817561471,7556570.191867141,1369.3721575625,248,57,4,1
654123.2643145804,7556564.211252751,1371.1417221694335,248,57,4,1
654102.5302553801,7556557.778853618,1372.5450723460287,248,57,4,1
654081.7218623796,7556550.892675469,1374.1094186680666,248,57,4,1
654060.3397311093,7556544.178262258,1374.7935784208985,248,57,4,1
654038.4602579346,7556537.761980024,1374.8226516629466,248,57,4,1
654016.1994944382,7556531.575856341,1374.3194475146483,248,57,4,1
653993.7980584657,7556525.400232809,1374.380357388672,248,57,4,1
653971.3917896262,7556519.187060253,1375.2792128959961,248,57,4,1
653948.6747316225,7556512.78688795,1375.9327175354815,248,57,4,1
653926.0056061598,7556506.0526786065,1376.7707514853516,248,57,4,1
653903.2075322146,7556499.133016109,1377.5083444165039,248,57,4,1
653880.412868693,7556491.979660426,1378.1075401718754,248,57,4,1
653857.7010466089,7556485.018762153,1378.7594221655274,248,57,4,1
653834.9804342757,7556478.319751965,1379.3334762524414,248,57,4,1
653812.142556037,7556471.707585081,1379.7172048748043,248,57,4,1
653789.8828402238,7556464.6713785585,1379.4317015335287,248,57,4,1
653768.2754268561,7556456.147998794,1379.8134952298176,248,57,4,1
653746.6597734301,7556446.182170291,1380.1615432382812,248,57,4,1
653725.1520167647,7556434.76211175,1380.8745625680988,248,57,4,1
653704.6212025101,7556420.87228041,1381.8687666276041,248,57,4,1
653685.876518885,7556403.73698303,1383.5552768261718,248,57,4,1
654055.4184448279,7556416.991495747,1349.4132490126954,248,57,4,1
654035.2741543576,7556411.672052736,1351.881870548828,248,57,4,1
654015.1629317512,7556406.616974482,1354.110699661133,248,57,4,1
653995.1632177321,7556401.568745105,1357.0437109935547,248,57,4,1
653975.0270260391,7556396.57804252,1360.6233625574216,248,57,4,1
653954.7894800146,7556391.759348232,1364.4784613625,248,57,4,1
653934.5257495753,7556387.201466379,1367.770065513086,248,57,4,1
653914.1441987632,7556382.97381655,1370.41294521875,248,57,4,1
653893.5735534839,7556379.156414998,1372.0418378408206,248,57,4,1
653873.001740255,7556375.357836784,1374.0937492197265,248,57,4,1
653852.5651667435,7556371.520705098,1376.1118244091795,248,57,4,1
653832.6957614208,7556367.736438045,1377.8412833798827,248,57,4,1
653813.9546461317,7556363.692138747,1379.027439663737,248,57,4,1
653796.3694739342,7556359.042959357,1380.6008653296874,248,57,4,1
653779.5640161943,7556352.942259353,1378.8274488368695,248,57,4,1
653764.2922786314,7556344.83582534,1377.5467684481334,248,57,4,1
653751.0582317096,7556333.611323368,1379.5299246438335,248,57,4,1
653740.125210651,7556318.844350782,1380.2298734773294,248,57,4,1
653732.2139777837,7556300.652945561,1380.801632433051,248,57,4,1
653728.0624707851,7556279.746129856,1382.1660406056085,248,57,4,1
654544.37514646,7556488.81122806,1334.3968042006834,248,57,4,1
654524.6782388097,7556481.192306803,1339.9331190725914,248,57,4,1
654504.6797207596,7556472.7687655175,1345.2433326712242,248,57,4,1
654484.7090031486,7556464.637359598,1349.45408169222,248,57,4,1
654464.8473262341,7556457.018371562,1353.0186380660807,248,57,4,1
654445.2357297476,7556449.836005107,1356.1029605032554,248,57,4,1
654425.9719716064,7556442.3375783125,1359.6043721337892,248,57,4,1
654406.9295740161,7556434.880711886,1360.5030340761716,248,57,4,1
654387.8642750175,7556427.628639938,1364.2929129033205,248,57,4,1
654369.0127279449,7556420.661137653,1365.5574729355471,248,57,4,1
654350.349195832,7556413.358596068,1365.035478053711,248,57,4,1
654331.7925312954,7556406.081344537,1368.8796146134766,248,57,4,1
654313.4218067812,7556398.852857235,1369.273429000586,248,57,4,1
654294.9972516437,7556391.7617466925,1369.3297860553384,248,57,4,1
654276.6077709907,7556385.075575024,1369.3108024908854,248,57,4,1
654258.1867568681,7556378.621757072,1369.9090417792968,248,57,4,1
654491.6479828446,7556633.771040954,1321.2767825947265,248,57,4,2
654486.8592416844,7556654.394539072,1320.4385880595705,248,57,4,2
654482.2434242265,7556675.168918887,1319.609473414063,248,57,4,2
654477.5569274796,7556696.013974609,1318.5308355052084,248,57,4,2
654472.8357442594,7556716.913124087,1317.6170087252606,248,57,4,2
654467.9378176557,7556737.726733029,1316.7300923779296,248,57,4,2
654462.9734782134,7556758.423977372,1316.2565756542967,248,57,4,2
654457.7336685647,7556779.048457645,1317.1396456269529,248,57,4,2
654452.1565367593,7556799.465365928,1320.0760913942522,248,57,4,2
654446.2634420817,7556819.610427655,1323.8691410924478,248,57,4,2
654439.9842341148,7556839.544963744,1325.8094102713542,248,57,4,2
654433.7290284492,7556859.256215562,1325.1115371178385,248,57,4,2
654427.48187973,7556878.893026675,1324.656585909668,248,57,4,2
654421.2664657942,7556898.119720486,1324.5205271852215,248,57,4,2
654414.4716588022,7556917.208555252,1324.116513393229,248,57,4,2
654329.2254183795,7556838.391759449,1334.3326932792968,248,57,4,2
654333.1663438794,7556818.868983055,1338.132904924504,248,57,4,2
654335.5796958007,7556799.207554543,1342.2583605249024,248,57,4,2
654336.7099087934,7556779.356637122,1344.6325387721354,248,57,4,2
654336.5181743393,7556759.379425827,1344.6625721162109,248,57,4,2
654335.6237551591,7556739.2756939735,1344.2814029878905,248,57,4,2
654334.6166240601,7556719.1839263765,1342.8993577301894,248,57,4,2
654333.4159522997,7556699.3427384915,1342.0628259469404,248,57,4,2
654332.1560173188,7556679.78831159,1341.3575585561198,248,57,4,2
654331.0828684705,7556660.385575827,1340.2657142529295,248,57,4,2
654330.1899324636,7556640.778277194,1338.440827009006,248,57,4,2
654329.5310611221,7556620.885388075,1336.4129709734932,248,57,4,2
654328.9951349351,7556600.634657747,1334.9702313955079,248,57,4,2
654328.4838582642,7556579.973365363,1334.2188945952844,248,57,4,2
654328.0396238064,7556558.8946848735,1332.6103575742188,248,57,4,2
654327.2804771415,7556537.291386859,1331.3121245075336,248,57,4,2
654325.9381906475,7556515.2597266985,1330.3219257695316,248,57,4,2
654178.7975328502,7556543.402630428,1341.9973039046224,248,57,4,2
654174.5888392443,7556565.887486175,1343.0876295208984,248,57,4,2
654170.15719172,7556588.415146155,1344.9300318170574,248,57,4,2
654165.6347624415,7556611.115293492,1346.9058121410155,248,57,4,2
654161.1564047148,7556634.01474961,1348.9771839443358,248,57,4,2
654156.3680695228,7556657.007973608,1351.0683897708984,248,57,4,2
654151.2934787399,7556680.049577741,1352.8195651826172,248,57,4,2
654145.7023006573,7556703.013340273,1355.0007299154731,248,57,4,2
654139.6269168961,7556725.82630675,1357.3396737199434,248,57,4,2
654133.2083458848,7556748.412659093,1360.4240198466796,248,57,4,2
654126.7167096542,7556770.760514622,1362.9448952056641,248,57,4,2
654120.477156451,7556793.048599117,1365.8996103487414,248,57,4,2
654114.4906797983,7556815.202036664,1368.5793856714845,248,57,4,2
654108.6971347915,7556837.348336943,1371.393699517578,248,57,4,2
654103.0286593521,7556859.277404463,1373.3484746222655,248,57,4,2
654097.2438486974,7556881.105848744,1374.249599425651,248,57,4,2
654090.7762189857,7556902.537453319,1375.406464774023,248,57,4,2
654083.0746651265,7556922.612052244,1377.2619869104492,248,57,4,2
654073.2891140517,7556940.45455691,1378.931570716309,248,57,4,2
654060.9589242474,7556955.288152574,1381.1963293037106,248,57,4,2
654046.5049880655,7556966.220406678,1383.5168979277344,248,57,4,2
653972.5913337021,7556935.3314611735,1396.058842524414,248,57,4,2
653968.8260757946,7556917.902742535,1396.8789440240234,248,57,4,2
653967.3303724567,7556898.681010213,1397.8170244111332,248,57,4,2
653967.0689449129,7556878.887134945,1398.0249130029295,248,57,4,2
653967.8827109,7556858.549036295,1399.0910591738282,248,57,4,2
653969.4978406277,7556837.566007705,1398.8147627615235,248,57,4,2
653971.4475172544,7556816.546843418,1398.605344842773,248,57,4,2
653973.7054031673,7556795.405701299,1397.9986876725259,248,57,4,2
653976.4179694204,7556773.917234295,1397.585686107422,248,57,4,2
653979.2017965263,7556751.824330604,1396.7406403291016,248,57,4,2
653981.695639626,7556729.433105747,1391.4439798501255,248,57,4,2
653984.1687595682,7556706.862705773,1384.0405811754556,248,57,4,2
653986.5065355718,7556684.040719133,1381.2089572184243,248,57,4,2
653988.6567978265,7556661.02018127,1379.9984206822269,248,57,4,2
653991.1355202389,7556637.832056943,1379.0864130813802,248,57,4,2
653993.542468642,7556614.4991573235,1377.4751694234376,248,57,4,2
653995.954597918,7556591.138470273,1376.231672961263,248,57,4,2
653998.1528203061,7556567.727505694,1374.7580511637368,248,57,4,2
653999.9795491598,7556544.209977843,1373.0892300981445,248,57,4,2
654001.4839799927,7556520.757396315,1372.4811430844727,248,57,4,2
654002.4244467474,7556497.139896309,1371.8627700375976,248,57,4,2
654003.007893092,7556473.407338788,1371.201502157715,248,57,4,2
654003.6646733688,7556449.735366408,1370.3514598032225,248,57,4,2
654004.4708444037,7556425.847607799,1368.1027537781574,248,57,4,2
654005.349273358,7556401.804975139,1364.6389261339393,248,57,4,2
654006.4886775268,7556377.553247573,1361.118842092936,248,57,4,2
654007.8890188782,7556353.326531053,1357.7569901276042,248,57,4,2
654009.5717885054,7556329.116751721,1354.065367690918,248,57,4,2
654011.3729365177,7556305.091993713,1352.3144378818358,248,57,4,2
653900.8021182355,7556397.972388192,1361.9937845498046,248,57,4,2
653896.3940719005,7556421.897115916,1361.905886910807,248,57,4,2
653891.5521860652,7556445.880122895,1362.311644100586,248,57,4,2
653886.794207831,7556469.690240958,1362.9815951416015,248,57,4,2
653881.9910970293,7556493.553845046,1364.0048447763672,248,57,4,2
653877.4233498733,7556517.169339275,1364.606248381836,248,57,4,2
653873.0637003371,7556541.050161656,1365.1990489055988,248,57,4,2
653868.8433658329,7556565.351375209,1365.8548761289062,248,57,4,2
653864.8089134553,7556590.113230943,1367.5758959478235,248,57,4,2
653861.217378439,7556615.191933043,1369.4582225999347,248,57,4,2
653858.108381804,7556640.393196979,1371.5484066199776,248,57,4,2
653855.2600658631,7556665.507071367,1373.6360974370814,248,57,4,2
653852.3152777171,7556690.596430252,1376.3676767674006,248,57,4,2
653849.1906404215,7556715.534554262,1380.1733342437742,248,57,4,2
653845.8441995921,7556740.262732533,1384.939326638086,248,57,4,2
653841.5509915364,7556764.559597083,1389.625433689904,248,57,4,2
653835.3414683643,7556787.439961184,1394.0752658647461,248,57,4,2
653826.4791064743,7556807.941994268,1398.6705954591973,248,57,4,2
653814.8487068019,7556825.478187428,1402.3630352262835,248,57,4,2
653800.6956661365,7556839.398403867,1405.2119562894532,248,57,4,2
653784.6199216666,7556849.148647153,1407.1241444995114,248,57,4,2
653767.0968910842,7556853.8584163375,1408.9691870419922,248,57,4,2
653748.9731993437,7556853.409885365,1411.0520499179688,248,57,4,2
653731.7434269595,7556849.2504344685,1412.254948524414,248,57,4,2
653715.7632172917,7556841.457517121,1414.04337278125,248,57,4,2
653701.9118534698,7556829.952652533,1415.2304582910156,248,57,4,2
653691.4387680208,7556814.20189001,1416.5423167158206,248,57,4,2
653684.8497620067,7556795.574620763,1417.9018776269531,248,57,4,2
653682.1724025636,7556775.364750924,1418.5916306416016,248,57,4,2
653682.8025025857,7556754.023083213,1418.7448432670901,248,57,4,2
653686.301601137,7556733.031053796,1418.8422171054688,248,57,4,2
653691.9365546503,7556712.129405601,1418.2585078020834,248,57,4,2
653699.1087771985,7556690.973301752,1416.6619073574218,248,57,4,2
653706.7324315808,7556669.057595098,1415.4796362679035,248,57,4,2
653714.6115014325,7556645.799331552,1413.90308604362,248,57,4,2
653721.3721754047,7556621.762415743,1410.9499392959735,248,57,4,2
653726.7044838907,7556597.79919634,1405.2428629322915,248,57,4,2
653731.3680451503,7556573.552477795,1398.7705973841144,248,57,4,2
653735.6917989523,7556549.313507212,1392.1417172584634,248,57,4,2
653740.0746257431,7556524.7315863175,1386.0555223378906,248,57,4,2
653744.8613709542,7556500.4173316015,1379.983648455078,248,57,4,2
653556.7174610092,7558744.612728875,1292.8429397713448,248,57,4,3
653539.7559027716,7558744.889827855,1297.4953944316405,248,57,4,3
653522.9368813485,7558745.297314026,1301.4933328020834,248,57,4,3
653506.2309995457,7558745.917698878,1303.460278834961,248,57,4,3
653489.6590202515,7558746.696036156,1307.2943510322266,248,57,4,3
653473.0437412862,7558747.322055837,1310.4458275136715,248,57,4,3
653456.9867027481,7558747.616349419,1313.7757647259116,248,57,4,3
653441.2467465352,7558746.993260575,1315.5392562216796,248,57,4,3
653425.6332113337,7558745.834672341,1316.3666574589845,248,57,4,3
653410.1381242237,7558744.449156762,1318.8634471660155,248,57,4,3
653394.7516951385,7558743.351162078,1321.6943381259766,248,57,4,3
653379.5801037435,7558742.518958072,1323.4229424462892,248,57,4,3
653364.6690655978,7558741.889702957,1324.9665261044922,248,57,4,3
653349.7124565131,7558741.379555818,1326.2556288974608,248,57,4,3
653334.8696991529,7558740.660908942,1328.0671071757808,248,57,4,3
653319.9547715614,7558739.629007528,1329.0342052275391,248,57,4,3
653305.002493694,7558738.52005063,1330.453315538086,248,57,4,3
653290.1505375807,7558737.3703526165,1331.6233904121093,248,57,4,3
653275.1054479998,7558736.059358467,1332.2915130078125,248,57,4,3
653259.7380583797,7558734.701111343,1333.430677618164,248,57,4,3
653244.1886821876,7558733.229077081,1334.241953263672,248,57,4,3
653228.8144446993,7558731.926804427,1334.6939211611327,248,57,4,3
653213.5203203179,7558730.863514051,1335.6205006914065,248,57,4,3
653198.3757013326,7558729.930976946,1337.2928010830078,248,57,4,3
653183.2379074009,7558728.942751566,1338.2781036513672,248,57,4,3
653168.1108397624,7558728.067638602,1339.980518933594,248,57,4,3
653152.831188911,7558727.230317983,1341.5090322350259,248,57,4,3
653137.580377521,7558726.319899897,1343.1130807548827,248,57,4,3
653122.4747221486,7558724.734626342,1344.571610484375,248,57,4,3
653107.9661753414,7558721.227905776,1346.2434491217448,248,57,4,3
653094.725586109,7558715.0437608715,1347.3389922786455,248,57,4,3
653083.8325197743,7558705.900130216,1348.8461994648435,248,57,4,3
653076.0504234096,7558694.067258057,1350.1044994964193,248,57,4,3
653072.2725333761,7558680.160310117,1350.416590790039,248,57,4,3
653073.0309951715,7558665.456490967,1350.268484375,248,57,4,3
653079.1698135879,7558650.811491245,1349.1603744218746,248,57,4,3
653090.5261017842,7558637.198895906,1347.9877372890626,248,57,4,3
653105.7732231943,7558624.530246139,1346.63125303125,248,57,4,3
653124.9754667127,7558612.959276839,1345.5053645283206,248,57,4,3
653146.8866838373,7558602.102649859,1343.6445134083658,248,57,4,3
653170.8978124767,7558592.382928183,1341.4790494853517,248,57,4,3
653196.7397809202,7558583.915211101,1338.3375683740235,248,57,4,3
653223.9627324999,7558575.567689587,1334.4451842507326,248,57,4,3
653252.5462096111,7558567.03949812,1332.0141299996747,248,57,4,3
653769.6561085118,7558638.202044387,1287.7687063020833,248,57,4,3
653744.6578115504,7558635.8235568125,1290.7486566484374,248,57,4,3
653719.7928564769,7558633.378393045,1294.3271524541015,248,57,4,3
653695.280836745,7558630.935879912,1297.9039381474608,248,57,4,3
653670.8668068042,7558628.95834781,1301.2666760195314,248,57,4,3
653646.9922601457,7558627.313015066,1304.5985912158205,248,57,4,3
653623.6817526959,7558625.823426383,1307.296032625,248,57,4,3
653600.5463726285,7558624.503742691,1310.3963500576174,248,57,4,3
653577.6960787184,7558623.210685499,1313.8956158427734,248,57,4,3
653555.1071380887,7558621.23113212,1316.2191408242188,248,57,4,3
653532.7039267293,7558619.24416904,1318.901543383789,248,57,4,3
653510.6682643364,7558617.541600968,1321.1667095654298,248,57,4,3
653488.9568131842,7558616.205120906,1323.0907141103517,248,57,4,3
653467.1997952136,7558614.7537164325,1325.7099340585935,248,57,4,3
653445.2875387382,7558613.208927982,1328.0169066015626,248,57,4,3
653423.9230031364,7558612.268326297,1329.763174788086,248,57,4,3
653402.8605651165,7558611.4208770925,1332.505086474284,248,57,4,3
653381.5686447697,7558610.02611012,1334.5270782431642,248,57,4,3
653360.4691620725,7558608.511905138,1336.6129190641275,248,57,4,3
653339.6799933861,7558606.894698901,1338.5247695800779,248,57,4,3
653319.3404808134,7558605.416905521,1340.3986902913412,248,57,4,3
653299.5752047529,7558603.982937948,1342.6562778130208,248,57,4,3
653280.1138374204,7558602.436195613,1344.2692918968096,248,57,4,3
653260.6891010907,7558600.68576111,1344.1415101484374,248,57,4,3
653241.5292522076,7558598.773366188,1344.238626190918,248,57,4,3
653222.1108915735,7558596.564748574,1343.8209485161133,248,57,4,3
653202.5188839636,7558594.570652558,1344.7091436951264,248,57,4,3
653183.1378315877,7558592.673587107,1347.6637519983724,248,57,4,3
653163.9798483097,7558590.612056489,1349.3144672421874,248,57,4,3
653145.252844704,7558588.417202617,1351.632906671689,248,57,4,3
653127.2112171127,7558585.223934987,1353.3218244501954,248,57,4,3
653706.4701762365,7558667.379221784,1279.0915395152995,248,57,4,3
653682.5025949876,7558670.794246985,1280.5383693166016,248,57,4,3
653658.6416152015,7558673.831911806,1281.0243794658204,248,57,4,3
653634.9514349916,7558676.645914648,1282.4544302104491,248,57,4,3
653611.3567268187,7558679.793614166,1285.8454680009766,248,57,4,3
653587.9994716661,7558683.414604565,1290.8047600774742,248,57,4,3
653564.8848345603,7558687.481100269,1294.835757601237,248,57,4,3
653542.3736007982,7558691.864842539,1299.8806207985026,248,57,4,3
653520.0033464346,7558696.172939083,1304.411322944057,248,57,4,3
653497.630406216,7558700.29376972,1309.9754711051432,248,57,4,3
653475.3576371544,7558704.027469116,1314.8295109580074,248,57,4,3
653453.3798513197,7558707.039198755,1320.0753867134488,248,57,4,3
653431.6341764957,7558709.503112492,1319.8896657128905,248,57,4,3
653410.4166670439,7558711.905154991,1321.637712219401,248,57,4,3
653389.7898563867,7558714.661078429,1322.130944639881,248,57,4,3
653369.5912679145,7558718.032732722,1320.2849402122395,248,57,4,3
653349.9095405936,7558721.707015369,1323.217510608747,248,57,4,3
653330.9930092175,7558725.155601451,1324.1319517053385,248,57,4,3
653312.4498436872,7558728.3831567215,1325.5475755668526,248,57,4,3
653294.2887959555,7558731.652400348,1326.289441951497,248,57,4,3
653276.7509395104,7558734.790457098,1327.2637072158902,248,57,4,3
653259.7971151847,7558736.989594839,1328.675419145368,248,57,4,3
653243.7604716914,7558737.061695542,1329.423626216797,248,57,4,3
653229.5516952659,7558733.103948588,1330.8638332684152,248,57,4,3
653216.9371843558,7558725.046179405,1332.917316371896,248,57,4,3
653205.8461148135,7558713.839338324,1333.8356497784598,248,57,4,3
653197.6749346905,7558699.164113562,1335.693445329818,248,57,4,3
653506.9917045375,7558596.775677717,1296.6167839833984,248,57,4,3
653506.4044823092,7558626.164129348,1296.572574027832,248,57,4,3
653505.8122924663,7558656.160980489,1297.416897845703,248,57,4,3
653505.3838705603,7558688.152936176,1298.1025341419272,248,57,4,3
653505.0094586278,7558718.949448916,1296.5459777695312,248,57,4,3
653504.7241688416,7558749.891767196,1293.9434756266276,248,57,4,3
653504.6042101693,7558781.050011149,1295.0502931705728,248,57,4,3
653504.9171052929,7558812.3933435185,1293.4203459495675,248,57,4,3
653505.1658052917,7558842.88067292,1291.4084967282986,248,57,4,3
653504.6699012904,7558874.184986241,1290.256720095443,248,57,4,3
653503.2810436421,7558904.930169242,1290.1968105215926,248,57,4,3
653501.4381310198,7558935.376614255,1292.0931110797435,248,57,4,3
653499.2390542772,7558964.940208323,1295.0236095575892,248,57,4,3
653495.8957303131,7558991.719584477,1299.4453734944198,248,57,4,3
653490.5574407341,7559016.0290650325,1302.5491378804688,248,57,4,3
653482.780865806,7559038.15117252,1305.5114848597655,248,57,4,3
653472.248088178,7559055.922404065,1307.3080464898435,248,57,4,3
653459.1058196151,7559068.059257625,1308.8678606101566,248,57,4,3
653443.9522669327,7559073.267777835,1310.1947629984375,248,57,4,3
653427.9643507177,7559072.732807862,1310.8366447915735,248,57,4,3
653411.549256435,7559067.593092217,1310.1391279049944,248,57,4,3
653395.7666411889,7559058.773574707,1309.6915911618653,248,57,4,3
653382.3135957476,7559045.542280593,1309.285517500651,248,57,4,3
653371.5914654323,7559028.026171834,1309.0470098471353,248,57,4,3
653363.0637628167,7559007.363713435,1308.5667124726565,248,57,4,3
653356.4860978039,7558983.783762327,1307.9411459789062,248,57,4,3
653351.1392979856,7558959.434612063,1310.571512254557,248,57,4,3
653346.5289032841,7558934.342868629,1312.4227066189544,248,57,4,3
653341.8108171658,7558909.413272486,1313.149652196661,248,57,4,3
653337.3852268922,7558884.032954393,1314.4568794753907,248,57,4,3
653333.1463793896,7558858.39223607,1316.8194621203124,248,57,4,3
653328.7689131878,7558832.846256168,1319.4110499101562,248,57,4,3
653324.4308969022,7558807.340110256,1321.5551699370117,248,57,4,3
653320.0912261222,7558781.918164744,1324.228176890625,248,57,4,3
653315.9243577372,7558756.469100614,1327.6543650410156,248,57,4,3
653311.8937926744,7558731.018822749,1330.6960118072916,248,57,4,3
653308.0491320691,7558705.673325784,1334.025400545573,248,57,4,3
653304.1136494412,7558680.500333938,1336.9741010976566,248,57,4,3
653300.175965696,7558655.420870236,1339.518586535156,248,57,4,3
654358.0082687454,7556849.017167641,1336.9902391490884,248,57,4,4
654359.7434263017,7556832.870119203,1338.9321583828125,248,57,4,4
654362.3558863455,7556817.0694976635,1341.1218333867191,248,57,4,4
654364.9683463892,7556801.268876128,1341.9188500611979,248,57,4,4
654367.580806433,7556785.468254589,1343.1337002246096,248,57,4,4
654370.1932664769,7556769.667633051,1343.2701865924478,248,57,4,4
654372.8057265206,7556753.867011514,1343.2970534267579,248,57,4,4
654375.4181865643,7556738.066389976,1342.7016849807942,248,57,4,4
654378.0306466081,7556722.265768439,1341.649506904687,248,57,4,4
654380.1149195823,7556706.722288903,1338.3548746799245,248,57,4,4
654382.1991925564,7556691.178809366,1334.7443427871092,248,57,4,4
654384.2834655306,7556675.635329829,1332.0614071555988,248,57,4,4
654386.3677385049,7556660.091850293,1330.7052085683595,248,57,4,4
654388.4520114791,7556644.548370756,1329.5062957588545,248,57,4,4
654390.5362844532,7556629.004891219,1328.1142007968754,248,57,4,4
654392.6205574274,7556613.461411684,1328.0772079090168,248,57,4,4
654395.7109405617,7556597.322173519,1326.9187095745442,248,57,4,4
654398.801323696,7556581.182935355,1324.1933238496094,248,57,4,4
654401.8917068304,7556565.04369719,1321.0227267667099,248,57,4,4
654404.9820899646,7556548.904459027,1320.4518251342774,248,57,4,4
654408.0724730989,7556532.765220863,1322.1182778481445,248,57,4,4
654411.1628562332,7556516.625982697,1322.978650184082,248,57,4,4
654413.8956260157,7556496.936564685,1324.38309825625,248,57,4,4
654416.6283957982,7556477.247146673,1326.433629368164,248,57,4,4
654419.3611655807,7556457.557728658,1328.120381220052,248,57,4,4
654239.5598183309,7556459.69918303,1346.5115879993486,248,57,4,4
654233.0382948902,7556478.868433863,1346.9744149163412,248,57,4,4
654226.5167714494,7556498.037684692,1346.6162661940104,248,57,4,4
654219.9952480086,7556517.206935525,1346.2326241783853,248,57,4,4
654213.4737245678,7556536.376186356,1346.7577174073895,248,57,4,4
654207.7934654081,7556554.883198586,1348.1174565830074,248,57,4,4
654202.1132062485,7556573.390210817,1349.844165710026,248,57,4,4
654196.4329470886,7556591.897223046,1351.6329583446616,248,57,4,4
654190.7526879291,7556610.404235276,1353.7013151684896,248,57,4,4
654185.0724287694,7556628.911247506,1355.5108868097655,248,57,4,4
654179.3921696098,7556647.418259736,1357.7458530769534,248,57,4,4
654174.3591266603,7556664.595536248,1359.623795497656,248,57,4,4
654169.3260837108,7556681.772812759,1361.4671881998695,248,57,4,4
654164.2930407614,7556698.950089272,1362.8579134180989,248,57,4,4
654159.2599978118,7556716.127365784,1364.3831237003906,248,57,4,4
654154.2269548622,7556733.304642295,1365.5639631931965,248,57,4,4
654149.1939119127,7556750.481918807,1366.2761615537759,248,57,4,4
654144.2164749227,7556768.210023235,1367.5647653902345,248,57,4,4
654139.2390379327,7556785.938127662,1368.4691362539065,248,57,4,4
654134.2616009428,7556803.66623209,1369.6910945140626,248,57,4,4
654129.2841639528,7556821.394336518,1370.669434809375,248,57,4,4
654124.3067269628,7556839.1224409435,1371.2962677839846,248,57,4,4
654119.3292899728,7556856.850545373,1372.4556373544272,248,57,4,4
654113.0001309769,7556875.860609498,1373.6932549934895,248,57,4,4
654106.670971981,7556894.870673624,1373.555333251302,248,57,4,4
654100.3418129851,7556913.88073775,1373.1089172779946,248,57,4,4
654094.0126539893,7556932.890801878,1373.059823307617,248,57,4,4
654087.6834949935,7556951.900866003,1373.0226019010415,248,57,4,4
654081.3543359975,7556970.910930129,1372.8959297760416,248,57,4,4
654069.3097853113,7556987.603953042,1373.7396620273441,248,57,4,4
654057.2652346253,7557004.296975957,1375.2297410831704,248,57,4,4
653960.5912967428,7556963.984794471,1378.1077005410157,248,57,4,4
653962.5521978401,7556939.521031038,1378.5418496731768,248,57,4,4
653964.5130989376,7556915.057267602,1378.7099938639326,248,57,4,4
653966.474000035,7556890.593504169,1379.479453570313,248,57,4,4
653968.6290116984,7556866.733526386,1380.230262358724,248,57,4,4
653970.7840233617,7556842.873548603,1381.6650598525393,248,57,4,4
653972.9390350252,7556819.01357082,1382.3709465442707,248,57,4,4
653975.0940466886,7556795.153593037,1382.879821438477,248,57,4,4
653977.2490583521,7556771.293615254,1383.4404774550785,248,57,4,4
653979.4040700154,7556747.433637471,1383.3088392407224,248,57,4,4
653981.5924530312,7556729.636210837,1382.9076663557944,248,57,4,4
653983.7808360471,7556711.838784207,1382.2731109492188,248,57,4,4
653985.969219063,7556694.041357572,1382.0275910913085,248,57,4,4
653988.1576020786,7556676.243930941,1381.7366906674804,248,57,4,4
653990.3459850947,7556658.446504308,1381.4764576822915,248,57,4,4
653992.5343681105,7556640.649077675,1381.088895997559,248,57,4,4
653994.7227511263,7556622.851651043,1380.191494052246,248,57,4,4
653997.492884008,7556605.001334473,1379.3440080947266,248,57,4,4
654000.2630168898,7556587.1510179015,1378.1710285581055,248,57,4,4
654003.0331497715,7556569.30070133,1377.2711228754886,248,57,4,4
654005.8032826532,7556551.45038476,1375.7507750917969,248,57,4,4
654008.5734155349,7556533.600068189,1374.4801831923828,248,57,4,4
654011.3435484167,7556515.749751619,1373.1452136078126,248,57,4,4
654014.1136812984,7556497.899435047,1371.1823627964845,248,57,4,4
654017.0583274539,7556479.080935371,1369.6121301089845,248,57,4,4
654020.0029736094,7556460.262435695,1367.0531235793458,248,57,4,4
654022.9476197647,7556441.443936017,1364.385443580636,248,57,4,4
654025.8922659202,7556422.625436341,1359.2235975735678,248,57,4,4
654028.8369120756,7556403.806936665,1352.4193237632212,248,57,4,4
654031.7815582311,7556384.988436989,1348.7172979277345,248,57,4,4
654035.028273319,7556365.973924522,1346.8681264023435,248,57,4,4
654038.274988407,7556346.959412058,1347.6920122530926,248,57,4,4
654041.521703495,7556327.944899592,1348.4909821575525,248,57,4,4
654044.768418583,7556308.930387125,1349.284393875488,248,57,4,4
654048.015133671,7556289.91587466,1350.9428196979168,248,57,4,4
653924.5858835282,7556218.636835657,1370.5813089746093,248,57,4,4
653914.8598358446,7556233.6748388335,1369.964421504557,248,57,4,4
653905.740851507,7556251.4009807715,1369.2288382421875,248,57,4,4
653896.6218671694,7556269.127122708,1368.7953247569988,248,57,4,4
653887.5028828318,7556286.853264644,1368.689655484375,248,57,4,4
653878.3838984943,7556304.57940658,1368.9993612832034,248,57,4,4
653869.2649141565,7556322.305548518,1369.1707962786459,248,57,4,4
653860.1459298191,7556340.031690452,1369.8851527308593,248,57,4,4
653852.113973171,7556356.940461739,1373.9220822166342,248,57,4,4
653844.0820165225,7556373.849233027,1379.9215951457113,248,57,4,4
653836.0500598743,7556390.75800431,1387.1156384328126,248,57,4,4
653828.0181032261,7556407.666775597,1391.1523810668946,248,57,4,4
653819.9861465779,7556424.575546884,1392.0333855455729,248,57,4,4
653811.9541899295,7556441.48431817,1392.2769449443356,248,57,4,4
653804.7791342856,7556457.500440927,1390.9515072923175,248,57,4,4
653797.6040786417,7556473.516563685,1389.6627072415365,248,57,4,4
653790.4290229979,7556489.532686442,1387.9503005480142,248,57,4,4
653783.2539673538,7556505.548809199,1386.5816668389325,248,57,4,4
653776.07891171,7556521.564931956,1383.4674118936634,248,57,4,4
653768.903856066,7556537.581054714,1379.916986917271,248,57,4,4
653762.3000390937,7556553.685462357,1378.2763147076826,248,57,4,4
653755.6962221215,7556569.789869999,1376.7371154915365,248,57,4,4
653749.0924051492,7556585.894277642,1375.2116936497393,248,57,4,4
653742.4885881769,7556601.998685283,1376.3218602216793,248,57,4,4
653735.8847712046,7556618.103092927,1378.0094718531902,248,57,4,4
653729.2809542323,7556634.207500568,1380.4407241846168,248,57,4,4
653722.5935197864,7556649.28576977,1385.274990758696,248,57,4,4
653715.9060853403,7556664.364038971,1391.5672783703965,248,57,4,4
653709.2186508944,7556679.442308173,1398.2000468870035,248,57,4,4
653702.5312164484,7556694.520577375,1406.4348259177975,248,57,4,4
653695.8437820025,7556709.598846577,1414.013358347526,248,57,4,4
653689.1563475564,7556724.6771157775,1418.408496360491,248,57,4,4
653682.4689131104,7556739.755384982,1420.7390926316407,248,57,4,4
653676.2630781593,7556755.133889001,1421.5031258686527,248,57,4,4
653670.0572432082,7556770.512393021,1421.6754713652344,248,57,4,4
653663.851408257,7556785.890897041,1420.3084616899414,248,57,4,4
653657.645573306,7556801.269401062,1418.4206515572916,248,57,4,4
653651.4397383549,7556816.647905082,1416.4211318203124,248,57,4,4
653645.2339034036,7556832.026409103,1414.3512754947915,248,57,4,4
653639.0280684526,7556847.404913123,1413.2945427363281,248,57,4,4
653627.5406084481,7556862.863627195,1412.9683645722657,248,57,4,4
653616.0531484437,7556878.322341268,1412.7194401738282,248,57,4,4
653604.5656884392,7556893.781055339,1411.9787192584633,248,57,4,4
653593.0782284347,7556909.239769411,1412.5880037364254,248,57,4,4
653581.5907684303,7556924.698483484,1414.6819820234375,248,57,4,4
653570.1033084258,7556940.157197555,1417.3092915690106,248,57,4,4
653473.855554624,7556856.478705641,1393.8821853958334,248,57,4,4
653473.0000192978,7556841.728480683,1397.8191819033207,248,57,4,4
653472.1444839715,7556826.978255725,1401.0362816575519,248,57,4,4
653476.2120391475,7556810.901395929,1403.2854475773113,248,57,4,4
653480.2795943235,7556794.824536133,1406.847730859282,248,57,4,4
653484.3471494993,7556778.747676336,1412.0163285520835,248,57,4,4
653488.4147046753,7556762.670816542,1419.0599095120194,248,57,4,4
653492.4822598512,7556746.593956743,1426.6947391230005,248,57,4,4
653496.549815027,7556730.517096948,1432.6144063528648,248,57,4,4
653500.617370203,7556714.440237151,1435.95606562972,248,57,4,4
653504.6849253789,7556698.363377355,1438.6811190797525,248,57,4,4
653508.8353282948,7556681.267232421,1440.4526512124025,248,57,4,4
653512.9857312107,7556664.171087487,1441.1004798212894,248,57,4,4
653517.1361341266,7556647.0749425525,1439.6796248357748,248,57,4,4
653521.2865370425,7556629.978797617,1437.6811075679686,248,57,4,4
653525.4369399585,7556612.882652682,1434.8003765189733,248,57,4,4
653529.5873428743,7556595.786507747,1430.6513298158206,248,57,4,4
653533.7377457903,7556578.690362814,1426.3254060574775,248,57,4,4
653537.6951407647,7556561.475766629,1423.7524831686196,248,57,4,4
653541.6525357392,7556544.261170442,1419.4709087033027,248,57,4,4
653545.6099307138,7556527.046574257,1414.1282986126307,248,57,4,4
653549.5673256882,7556509.831978072,1409.9563138851724,248,57,4,4
653553.5247206627,7556492.6173818875,1406.1064619970707,248,57,4,4
653557.4821156373,7556475.402785703,1404.3432484583334,248,57,4,4
653561.4395106118,7556458.188189518,1402.1161020230468,248,57,4,4
653565.2484409814,7556439.579362447,1399.7749846321615,248,57,4,4
653569.0573713509,7556420.970535379,1397.577822224121,248,57,4,4
653484.6805967514,7555987.798217158,1452.5470711009116,248,57,4,4
653475.5063701435,7556009.574538536,1450.3929157194013,248,57,4,4
653466.3321435356,7556031.350859918,1448.5241613170572,248,57,4,4
653458.169679605,7556053.911700088,1446.4370947792968,248,57,4,4
653450.0072156744,7556076.47254026,1444.5005859474286,248,57,4,4
653441.8447517438,7556099.033380432,1443.158138299479,248,57,4,4
653433.6822878132,7556121.594220605,1442.3664152877607,248,57,4,4
653425.5198238826,7556144.1550607765,1442.1715791881509,248,57,4,4
653417.7112523029,7556165.693630171,1442.4353366777343,248,57,4,4
653409.902680723,7556187.232199565,1442.3458537903643,248,57,4,4
653402.0941091432,7556208.77076896,1443.310792233073,248,57,4,4
653394.2855375634,7556230.309338354,1443.7533714947915,248,57,4,4
653386.4769659836,7556251.847907749,1445.0665578854166,248,57,4,4
653379.8773897113,7556272.164996704,1446.0731222408856,248,57,4,4
653373.277813439,7556292.482085659,1448.3591294016926,248,57,4,4
653366.6782371668,7556312.799174615,1450.3410329357096,248,57,4,4
653360.0786608947,7556333.11626357,1452.6792064550782,248,57,4,4
653353.4790846222,7556353.433352525,1455.6039956835934,248,57,4,4
653347.3477400972,7556372.907012186,1458.1483996547852,248,57,4,4
653341.2163955721,7556392.380671848,1462.9958930458097,248,57,4,4
653335.0850510469,7556411.854331506,1469.4422806283205,248,57,4,4
653328.9537065218,7556431.327991167,1475.3677776360676,248,57,4,4
653322.8223619965,7556450.801650828,1482.4079507199929,248,57,4,4
653317.1774011222,7556468.733199808,1489.1583549620768,248,57,4,4
653311.5324402477,7556486.664748788,1494.9962619990883,248,57,4,4
653305.8874793733,7556504.596297768,1498.9636646496094,248,57,4,4
653300.2425184988,7556522.527846746,1502.6634481106769,248,57,4,4
653294.5975576243,7556540.459395725,1505.4606978704428,248,57,4,4
653288.9525967499,7556558.390944705,1507.1824373626307,248,57,4,4
653284.8891860002,7556575.986803127,1509.0785198134765,248,57,4,4
653280.8257752504,7556593.582661551,1510.1880393087565,248,57,4,4
653276.7623645008,7556611.178519973,1510.6748580729165,248,57,4,4
653272.6989537511,7556628.7743783975,1510.8531524388018,248,57,4,4
653268.6355430014,7556646.37023682,1510.1057657374677,248,57,4,4
653264.5721322517,7556663.966095243,1509.3254621427411,248,57,4,4
653258.6399908492,7556681.627345638,1508.0530385191407,248,57,4,4
653252.7078494466,7556699.288596036,1507.3469741243491,248,57,4,4
653246.7757080441,7556716.949846433,1506.0003069776367,248,57,4,4
653240.8435666416,7556734.611096827,1505.4580891130206,248,57,4,4
653234.9114252389,7556752.272347225,1504.9438502373043,248,57,4,4
653140.6359884271,7556731.361883291,1496.5815134674478,248,57,4,4
653139.8394025883,7556715.733886062,1495.0615070387369,248,57,4,4
653139.0428167494,7556700.105888836,1493.725579435547,248,57,4,4
653138.2462309106,7556684.477891609,1493.2420711468096,248,57,4,4
653137.4496450718,7556668.849894382,1492.2416690973307,248,57,4,4
653140.5682267424,7556652.266354365,1490.960186532552,248,57,4,4
653143.6868084131,7556635.6828143485,1490.117323373047,248,57,4,4
653146.8053900839,7556619.099274333,1489.6104989368491,248,57,4,4
653149.9239717546,7556602.515734316,1488.1981758769532,248,57,4,4
653153.0425534253,7556585.932194299,1487.3364245696616,248,57,4,4
653156.161135096,7556569.348654282,1486.8892329933594,248,57,4,4
653159.6802367688,7556550.800355148,1486.9356280263669,248,57,4,4
653163.1993384416,7556532.252056011,1487.3934465613281,248,57,4,4
653166.7184401145,7556513.703756876,1487.319691483724,248,57,4,4
653170.2375417872,7556495.155457742,1488.0565797858071,248,57,4,4
653173.7566434601,7556476.607158605,1488.63575683138,248,57,4,4
653177.2757451329,7556458.058859468,1489.8439812779015,248,57,4,4
653180.9428353431,7556437.872611198,1490.9609603066406,248,57,4,4
653184.6099255532,7556417.686362924,1490.7176947460935,248,57,4,4
653188.2770157633,7556397.500114652,1490.9642740515949,248,57,4,4
653191.9441059735,7556377.31386638,1490.687887284017,248,57,4,4
653195.6111961836,7556357.127618108,1490.229744792643,248,57,4,4
653199.7749410089,7556334.917550879,1489.371790473307,248,57,4,4
653203.9386858342,7556312.707483648,1487.418030202474,248,57,4,4
653208.1024306596,7556290.497416421,1485.0277282749028,248,57,4,4
653212.2661754848,7556268.28734919,1481.5132508347656,248,57,4,4
653216.42992031,7556246.077281962,1478.2144655714515,248,57,4,4
653221.5604289366,7556223.650072925,1474.8956158723959,248,57,4,4
653226.6909375631,7556201.2228638865,1471.8014997104492,248,57,4,4
653231.8214461897,7556178.795654847,1468.6823338072918,248,57,4,4
653236.9519548161,7556156.368445807,1465.2291729760746,248,57,4,4
653242.0824634427,7556133.94123677,1462.3603204539058,248,57,4,4
653247.1529568456,7556112.091430928,1459.3603491796875,248,57,4,4
653252.2234502485,7556090.241625085,1456.9695470117188,248,57,4,4
653257.2939436515,7556068.391819241,1455.0853510888019,248,57,4,4
653262.3644370544,7556046.542013398,1453.977552603646,248,57,4,4
653267.4349304573,7556024.692207556,1452.6676116341143,248,57,4,4
653272.5644131935,7556003.384451687,1451.9380657466147,248,57,4,4
653277.6938959296,7555982.0766958175,1450.1841964052735,248,57,4,4
653282.8233786658,7555960.768939949,1449.5106079697266,248,57,4,4
653287.9528614021,7555939.461184079,1449.0419829867187,248,57,4,4
653293.0823441382,7555918.15342821,1448.6531190620115,248,57,4,4
653298.2792449112,7555897.750208754,1448.0515848107098,248,57,4,4
653303.476145684,7555877.346989299,1447.4943865906573,248,57,4,4
653308.673046457,7555856.943769842,1446.8591169293618,248,57,4,4
653141.3211826496,7555834.565677641,1435.5012849391276,248,57,4,4
653136.6421968671,7555863.270250036,1442.1371809363281,248,57,4,4
653131.9632110847,7555891.974822431,1449.8825631636441,248,57,4,4
653128.5991042842,7555921.581741538,1454.0498383806228,248,57,4,4
653125.2349974837,7555951.188660644,1457.5558420346233,248,57,4,4
653121.8708906829,7555980.79557975,1460.0603701206287,248,57,4,4
653118.5067838825,7556010.402498856,1461.1976788404295,248,57,4,4
653115.3646092531,7556040.123203067,1461.4427257233076,248,57,4,4
653112.2224346239,7556069.843907279,1462.1915650284832,248,57,4,4
653109.0802599945,7556099.564611491,1463.7959939102866,248,57,4,4
653105.9380853651,7556129.285315703,1466.6117195872393,248,57,4,4
653102.2894072636,7556157.752475362,1469.9651835782554,248,57,4,4
653098.6407291625,7556186.219635023,1473.4699458611651,248,57,4,4
653094.9920510611,7556214.686794682,1477.1646393095052,248,57,4,4
653091.3433729599,7556243.153954344,1480.8201756227213,248,57,4,4
653088.5314485474,7556268.458986001,1484.3077029630206,248,57,4,4
653085.7195241349,7556293.764017658,1488.198350951172,248,57,4,4
653082.9075997225,7556319.069049317,1492.5450476233073,248,57,4,4
653080.09567531,7556344.374080975,1496.570976958724,248,57,4,4
653076.6083149342,7556367.471449544,1500.4435396539066,248,57,4,4
653073.1209545585,7556390.568818113,1504.2771232884115,248,57,4,4
653069.6335941828,7556413.666186683,1507.7688117467446,248,57,4,4
653066.1462338069,7556436.763555251,1511.508999419108,248,57,4,4
653062.658873431,7556459.86092382,1514.3286519029946,248,57,4,4
653058.3878389185,7556481.948551425,1516.7980066080731,248,57,4,4
653054.1168044059,7556504.036179028,1519.3303619173178,248,57,4,4
653049.8457698935,7556526.123806635,1521.953522868164,248,57,4,4
653045.5747353811,7556548.211434239,1522.4643588502606,248,57,4,4
653041.3037008684,7556570.299061844,1522.4245709026693,248,57,4,4
653038.7168230336,7556591.530730869,1520.8483721108398,248,57,4,4
653036.1299451989,7556612.762399892,1516.3258764922907,248,57,4,4
653033.543067364,7556633.994068919,1511.3299408104654,248,57,4,4
653030.9561895293,7556655.225737942,1510.8122178850913,248,57,4,4
653028.3693116945,7556676.457406968,1511.2571699283853,248,57,4,4
653026.3818383876,7556697.662236836,1510.7610589746093,248,57,4,4
653024.3943650805,7556718.867066703,1510.2102703476562,248,57,4,4
653022.4068917736,7556740.071896572,1510.1886283593753,248,57,4,4
653020.4194184665,7556761.276726438,1510.2062170494794,248,57,4,4
653018.4319451596,7556782.481556307,1511.114160423828,248,57,4,4
653016.8294990228,7556804.019921223,1511.6329880296225,248,57,4,4
653015.227052886,7556825.558286139,1512.2464067708331,248,57,4,4
653013.6246067493,7556847.096651055,1513.2124419752606,248,57,4,4
652848.7386160707,7556867.231718596,1547.4013666194662,248,57,4,4
652841.5729907496,7556848.220258155,1544.5704208575146,248,57,4,4
652834.4073654285,7556829.208797714,1541.4515903232418,248,57,4,4
652827.2417401074,7556810.197337273,1538.9686391861978,248,57,4,4
652820.3063950097,7556792.9388767835,1536.2844740485027,248,57,4,4
652813.3710499121,7556775.680416296,1534.1891199115514,248,57,4,4
652806.4357048144,7556758.421955807,1532.278709418457,248,57,4,4
652799.5003597167,7556741.16349532,1530.7556653623699,248,57,4,4
652792.565014619,7556723.905034833,1528.9188069554687,248,57,4,4
652785.6296695214,7556706.646574344,1526.9936270065107,248,57,4,4
652779.3884932216,7556689.95278833,1525.3027372880856,248,57,4,4
652773.1473169219,7556673.259002316,1523.9486729029948,248,57,4,4
652766.906140622,7556656.565216301,1522.668600513021,248,57,4,4
652760.6649643222,7556639.871430287,1521.0303615253906,248,57,4,4
652754.4237880225,7556623.177644272,1518.8103477291668,248,57,4,4
652748.1826117227,7556606.483858258,1518.339939533203,248,57,4,4
652740.9993498373,7556588.799445802,1519.1807509503906,248,57,4,4
652733.8160879519,7556571.115033343,1519.9477175501304,248,57,4,4
652726.6328260663,7556553.430620887,1521.3020353135416,248,57,4,4
652719.4495641809,7556535.74620843,1522.6079281915686,248,57,4,4
652712.2663022955,7556518.061795972,1524.4385325145834,248,57,4,4
652705.0830404101,7556500.377383515,1527.026105688709,248,57,4,4
652693.1857694774,7556483.461589936,1530.965439461263,248,57,4,4
652681.2884985447,7556466.545796357,1534.7665504622394,248,57,4,4
652669.3912276122,7556449.630002779,1538.2302574270832,248,57,4,4
652657.4939566795,7556432.7142092,1541.3818697620443,248,57,4,4
652504.482538422,7556452.002346547,1539.9171542197266,248,57,4,4
652492.8647893482,7556467.567699539,1540.3353359225262,248,57,4,4
652481.2470402743,7556483.133052532,1540.431306739583,248,57,4,4
652481.5700538136,7556508.571414085,1539.5587600921226,248,57,4,4
652481.8930673529,7556534.009775639,1538.9049127291669,248,57,4,4
652482.2160808921,7556559.448137194,1538.7713238802085,248,57,4,4
652482.5390944313,7556584.886498747,1538.9731976970706,248,57,4,4
652489.0296671055,7556611.5430210065,1537.6648344644532,248,57,4,4
652495.5202397796,7556638.199543263,1537.0472807117187,248,57,4,4
652502.0108124537,7556664.85606552,1536.2227254240452,248,57,4,4
652508.5013851279,7556691.512587777,1533.3918055966794,248,57,4,4
652519.7981528693,7556716.435406045,1529.9951787682294,248,57,4,4
652531.0949206109,7556741.358224314,1530.0434235442706,248,57,4,4
652542.3916883525,7556766.281042581,1529.987456357422,248,57,4,4
652553.6884560939,7556791.203860849,1529.8944572304683,248,57,4,4
652564.0761254351,7556817.273912063,1534.0430052346353,248,57,4,4
652574.4637947761,7556843.3439632775,1540.6968479094235,248,57,4,4
652584.8514641174,7556869.414014491,1548.9581573984376,248,57,4,4
652595.2391334586,7556895.484065705,1557.8981203475587,248,57,4,4
652603.6581899538,7556921.674722022,1567.1453753801395,248,57,4,4
652612.0772464491,7556947.865378339,1573.7142229169458,248,57,4,4
652620.4963029444,7556974.056034656,1577.2372389322918,248,57,4,4
652628.9153594396,7557000.246690974,1580.7188999101566,248,57,4,4
652634.3815709171,7557025.8485607235,1582.7059993074774,248,57,4,4
652639.8477823946,7557051.450430476,1581.1860388531436,248,57,4,4
652645.3139938723,7557077.052300228,1577.6877490719867,248,57,4,4
652650.7802053498,7557102.654169979,1568.2655570059894,248,57,4,4
652649.1412618369,7557125.262908325,1556.4523002267254,248,57,4,4
652604.7946632996,7556941.5534013,1574.6057350222982,248,57,4,4
652627.8121337566,7556930.55660783,1571.4028125304364,248,57,4,4
652650.3434894604,7556919.537254862,1568.0175160260417,248,57,4,4
652672.8748451644,7556908.517901893,1564.7513243551432,248,57,4,4
652695.4062008683,7556897.498548922,1561.4189644075518,248,57,4,4
652717.9375565723,7556886.479195952,1558.3932818945316,248,57,4,4
652738.8935532001,7556876.453394802,1554.8795521341144,248,57,4,4
652759.8495498279,7556866.427593652,1551.89217204362,248,57,4,4
652780.8055464557,7556856.401792503,1548.7149760182294,248,57,4,4
652801.7615430835,7556846.375991353,1545.6615130634766,248,57,4,4
652822.7175397113,7556836.350190203,1542.4014328051758,248,57,4,4
652842.959856277,7556827.26359708,1539.1508161232096,248,57,4,4
652863.2021728426,7556818.177003957,1535.492798775,248,57,4,4
652883.4444894083,7556809.090410834,1531.6256913398438,248,57,4,4
652903.6868059739,7556800.003817713,1527.0315119354166,248,57,4,4
652923.9291225396,7556790.91722459,1522.8467978721353,248,57,4,4
652944.5476580564,7556782.492849295,1518.836302448828,248,57,4,4
652965.1661935729,7556774.068474,1515.5712270162762,248,57,4,4
652985.7847290897,7556765.644098705,1512.143635888672,248,57,4,4
653006.4032646065,7556757.21972341,1509.2115298528645,248,57,4,4
653027.0218001232,7556748.795348115,1506.1865930335287,248,57,4,4
653048.3795595611,7556740.614702053,1502.9150839308268,248,57,4,4
653069.7373189993,7556732.434055992,1499.3762747975259,248,57,4,4
653091.0950784372,7556724.253409932,1497.0282340833335,248,57,4,4
653112.4528378753,7556716.072763872,1495.3706398183595,248,57,4,4
653133.8105973133,7556707.892117811,1493.2442731611332,248,57,4,4
653155.6189403338,7556700.31568928,1491.5730838082684,248,57,4,4
653177.4272833543,7556692.739260747,1491.1845000618491,248,57,4,4
653199.2356263747,7556685.162832215,1491.2206094308267,248,57,4,4
653221.0439693953,7556677.586403684,1493.4638922378306,248,57,4,4
653242.8523124158,7556670.009975152,1499.659999311523,248,57,4,4
653266.4574721343,7556664.4410263635,1503.97515270855,248,57,4,4
653290.0626318527,7556658.872077578,1504.4353300698242,248,57,4,4
653313.667791571,7556653.303128787,1504.6655352002767,248,57,4,4
653337.2729512894,7556647.734180002,1502.792501749349,248,57,4,4
653360.8781110079,7556642.165231212,1497.7274986149087,248,57,4,4
653386.3366717852,7556637.695061208,1492.2633231599937,248,57,4,4
653411.7952325625,7556633.224891202,1486.472811125,248,57,4,4
653437.2537933397,7556628.754721194,1481.1297878470052,248,57,4,4
653462.7123541171,7556624.284551187,1475.2824028222656,248,57,4,4
653487.655450694,7556621.147564718,1468.3185269551595,248,57,4,4
653512.5985472712,7556618.010578245,1459.9253775816244,248,57,4,4
653537.5416438483,7556614.873591772,1451.307912925537,248,57,4,4
653562.4847404254,7556611.7366053015,1443.1328003012695,248,57,4,4
653585.7784008266,7556610.924704373,1435.4707311738282,248,57,4,4
653609.0720612279,7556610.112803443,1428.7544206875,248,57,4,4
653632.3657216291,7556609.300902517,1422.6873504922805,248,57,4,4
653655.6593820304,7556608.489001588,1415.7058087146484,248,57,4,4
653678.9530424316,7556607.6771006575,1407.9304017720706,248,57,4,4
653701.3659562916,7556608.540755511,1400.9132870863932,248,57,4,4
653723.7788701516,7556609.404410364,1392.3695009901876,248,57,4,4
653746.1917840114,7556610.268065218,1384.8407166749523,248,57,4,4
653768.6046978716,7556611.131720072,1379.366560794922,248,57,4,4
653791.0176117315,7556611.995374924,1376.4272221196288,248,57,4,4
653813.4677277417,7556613.89680887,1375.3848218111982,248,57,4,4
653835.9178437517,7556615.798242817,1374.1958021673174,248,57,4,4
653858.3679597619,7556617.699676762,1373.4970859874675,248,57,4,4
653880.8180757719,7556619.601110707,1374.4831275395509,248,57,4,4
653903.2681917821,7556621.502544655,1376.448286489955,248,57,4,4
653925.3818064695,7556623.000450293,1377.1698415686194,248,57,4,4
653947.495421157,7556624.498355929,1377.3675931884766,248,57,4,4
653969.6090358446,7556625.996261566,1377.1687340068356,248,57,4,4
653991.722650532,7556627.494167202,1376.4926509882812,248,57,4,4
654013.8362652195,7556628.99207284,1375.2180696393232,248,57,4,4
654034.6653002284,7556630.679741288,1374.1617413391925,248,57,4,4
654055.4943352374,7556632.367409732,1373.106761489095,248,57,4,4
654076.3233702463,7556634.055078179,1371.7111091601566,248,57,4,4
654097.1524052554,7556635.742746624,1369.9433633974609,248,57,4,4
654117.9814402643,7556637.430415072,1368.0718238997395,248,57,4,4
654139.6033382502,7556640.248057827,1365.4440582887366,248,57,4,4
654161.2252362361,7556643.065700584,1363.4366522792968,248,57,4,4
654182.8471342219,7556645.88334334,1361.2235738385416,248,57,4,4
654204.4690322079,7556648.700986098,1358.3255075423176,248,57,4,4
654226.0909301938,7556651.518628852,1355.9316135045574,248,57,4,4
654248.1447854682,7556655.829001761,1353.4340547408854,248,57,4,4
654270.1986407426,7556660.139374668,1350.3106780839846,248,57,4,4
654292.252496017,7556664.449747575,1347.6759899082033,248,57,4,4
654314.3063512914,7556668.760120482,1344.5365392968754,248,57,4,4
654336.3602065658,7556673.07049339,1341.5884020618491,248,57,4,4
654358.432848265,7556678.216443429,1338.3918493945316,248,57,4,4
654380.5054899643,7556683.362393468,1334.4914515839846,248,57,4,4
654402.5781316635,7556688.508343508,1330.0132260489095,248,57,4,4
654424.6507733627,7556693.654293545,1322.236108688965,248,57,4,4
654446.7234150621,7556698.8002435835,1315.4045095285155,248,57,4,4
654232.0530523018,7556358.837114077,1358.3461857721354,248,57,4,4
654220.065766818,7556355.861625289,1358.84337638444,248,57,4,4
654208.0784813344,7556352.886136497,1359.7184169397788,248,57,4,4
654196.0911958507,7556349.910647709,1359.867967124349,248,57,4,4
654184.1039103671,7556346.935158919,1360.1046345240884,248,57,4,4
654172.1166248835,7556343.959670128,1359.9516387041015,248,57,4,4
654160.9537318613,7556341.01056945,1358.7753440634765,248,57,4,4
654149.790838839,7556338.061468773,1357.474320713151,248,57,4,4
654138.6279458171,7556335.112368094,1356.1904119342446,248,57,4,4
654127.4650527948,7556332.163267416,1355.301345284505,248,57,4,4
654116.3021597726,7556329.214166737,1353.8894928701172,248,57,4,4
654105.1392667504,7556326.265066058,1352.7099435671876,248,57,4,4
654093.9763737282,7556323.315965379,1351.3681393421225,248,57,4,4
654082.8134807061,7556320.366864703,1350.315520147461,248,57,4,4
654071.6505876839,7556317.417764024,1349.7517418333334,248,57,4,4
654058.3980225737,7556313.508663952,1350.6508033229168,248,57,4,4
654045.1454574633,7556309.59956388,1351.294787592448,248,57,4,4
654031.8928923531,7556305.690463807,1352.3556308701172,248,57,4,4
654018.6403272429,7556301.781363738,1353.0061673697915,248,57,4,4
654005.3877621326,7556297.872263665,1353.8590271347655,248,57,4,4
653992.1351970222,7556293.963163594,1354.820993018229,248,57,4,4
653978.882631912,7556290.054063521,1355.4207904401042,248,57,4,4
653965.6300668018,7556286.14496345,1356.3834026276045,248,57,4,4
653953.1605108454,7556280.816956487,1357.5247339453124,248,57,4,4
653940.6909548889,7556275.488949525,1358.0717161315104,248,57,4,4
653928.2213989326,7556270.160942563,1359.3829056035158,248,57,4,4
653915.7518429763,7556264.832935601,1360.3265874091796,248,57,4,4
653903.2822870199,7556259.504928637,1361.7079916184896,248,57,4,4
653890.8127310635,7556254.176921675,1362.5830414785155,248,57,4,4
653878.3431751071,7556248.848914713,1363.824557406901,248,57,4,4
653865.8736191507,7556243.52090775,1364.920443220052,248,57,4,4
653852.995728938,7556237.990206931,1366.3500587200522,248,57,4,4
653840.1178387252,7556232.459506111,1367.2869395690104,248,57,4,4
653827.2399485125,7556226.928805293,1368.689101578125,248,57,4,4
653814.3620582997,7556221.398104472,1369.6575417128904,248,57,4,4
653801.484168087,7556215.8674036525,1371.1461140732422,248,57,4,4
653788.6062778743,7556210.336702833,1372.315962923828,248,57,4,4
653775.7283876615,7556204.806002012,1373.6822152141924,248,57,4,4
653762.8504974488,7556199.275301193,1375.0511454700518,248,57,4,4
653749.2326624759,7556193.0879549375,1376.3856732740885,248,57,4,4
653735.6148275029,7556186.900608682,1378.06073284375,248,57,4,4
653721.99699253,7556180.7132624285,1380.3117816386718,248,57,4,4
653708.3791575569,7556174.525916174,1382.53217845931,248,57,4,4
653694.761322584,7556168.33856992,1384.4345971796874,248,57,4,4
653681.143487611,7556162.151223664,1386.8468783092446,248,57,4,4
653667.5256526379,7556155.96387741,1389.576169209147,248,57,4,4
653653.9889477136,7556149.280757864,1391.824772381185,248,57,4,4
653640.4522427892,7556142.597638317,1394.825689778646,248,57,4,4
653626.9155378648,7556135.914518773,1397.5056715753585,248,57,4,4
653613.3788329404,7556129.231399228,1400.1349273785806,248,57,4,4
653599.8421280159,7556122.548279682,1402.7564325561527,248,57,4,4
653586.3054230915,7556115.8651601365,1406.85274973112,248,57,4,4
653572.7687181671,7556109.182040591,1411.8227647226565,248,57,4,4
653559.8671683795,7556102.572519697,1416.6823355648596,248,57,4,4
653546.9656185919,7556095.9629988065,1421.2996888333334,248,57,4,4
653534.0640688043,7556089.353477914,1425.5146107582775,248,57,4,4
653521.1625190168,7556082.743957021,1429.5031169546876,248,57,4,4
653508.2609692293,7556076.134436129,1432.858570609375,248,57,4,4
653495.3594194414,7556069.524915238,1435.6816555942382,248,57,4,4
653482.4578696539,7556062.915394343,1438.5520560761718,248,57,4,4
653469.6453388282,7556056.046731085,1440.6697744057615,248,57,4,4
653456.8328080026,7556049.178067827,1442.9371096451825,248,57,4,4
653444.0202771769,7556042.309404568,1444.6300441888018,248,57,4,4
653431.2077463514,7556035.440741307,1446.2127937402345,248,57,4,4
653418.3952155255,7556028.572078049,1447.8206590540365,248,57,4,4
653405.5826846999,7556021.7034147885,1448.9689311621094,248,57,4,4
653392.7701538742,7556014.8347515315,1450.3703959134116,248,57,4,4
653379.4941003692,7556007.190361495,1451.6396364033205,248,57,4,4
653366.218046864,7555999.545971459,1451.7960971451826,248,57,4,4
653352.941993359,7555991.901581422,1452.1068714091796,248,57,4,4
653339.6659398542,7555984.257191388,1452.1018695507812,248,57,4,4
653326.3898863492,7555976.6128013525,1452.4824551158856,248,57,4,4
653313.1138328442,7555968.968411315,1452.2105137410479,248,57,4,4
653299.8377793392,7555961.32402128,1451.9900970283206,248,57,4,4
653286.2496409548,7555953.623229879,1451.8568041342776,248,57,4,4
653272.6615025705,7555945.922438477,1449.2342111861328,248,57,4,4
653259.0733641861,7555938.221647077,1449.2684162834635,248,57,4,4
653245.4852258017,7555930.520855677,1449.604164941927,248,57,4,4
653231.8970874173,7555922.820064276,1449.4599036845702,248,57,4,4
653218.3089490329,7555915.1192728765,1449.3190761302085,248,57,4,4
653204.7208106486,7555907.418481475,1449.2986387447918,248,57,4,4
653191.1291844352,7555899.28709554,1450.380444154948,248,57,4,4
653177.5375582217,7555891.155709605,1452.00571121875,248,57,4,4
653163.9459320083,7555883.02432367,1453.2412739658207,248,57,4,4
653150.3543057949,7555874.892937735,1455.7080098837891,248,57,4,4
653136.7626795815,7555866.7615518,1457.9631759760418,248,57,4,4
653123.171053368,7555858.630165865,1461.4984158007815,248,57,4,4
653109.5794271546,7555850.49877993,1462.7320369269205,248,57,4,4
653095.9026250106,7555842.5863077575,1463.8857117213545,248,57,4,4
653082.2258228664,7555834.673835582,1465.931858770833,248,57,4,4
653068.5490207225,7555826.761363408,1467.3361643040366,248,57,4,4
653054.8722185786,7555818.848891235,1468.4693460820313,248,57,4,4
653041.1954164346,7555810.936419061,1470.0889042019858,248,57,4,4
653027.5186142905,7555803.023946888,1473.2989442654946,248,57,4,4
653013.8418121465,7555795.111474712,1476.4580027848306,248,57,4,4
652998.3430750765,7555784.917536883,1481.0077796269532,248,57,4,4
652982.8443380065,7555774.72359905,1485.7998772666015,248,57,4,4
652967.3456009364,7555764.52966122,1490.9889440327381,248,57,4,4
652951.8468638664,7555754.335723387,1496.8654264574036,248,57,4,4
652936.3481267964,7555744.141785556,1502.834773357422,248,57,4,4
652920.8493897264,7555733.947847725,1507.8696276308594,248,57,4,4
654603.7105255666,7556587.001647077,1332.3426595710866,248,57,4,0
654579.0983957343,7556584.62626425,1336.137790514496,248,57,4,0
654554.4862659022,7556582.250881422,1339.7744741923966,248,57,4,0
654530.2376820922,7556579.7302586725,1343.5514166593705,248,57,4,0
654505.9890982822,7556577.209635925,1347.0511595763169,248,57,4,0
654482.0966474463,7556574.319854625,1349.881480301408,248,57,4,0
654458.2041966103,7556571.430073325,1352.8847151541745,248,57,4,0
654434.6800467663,7556569.009793056,1354.669842164841,248,57,4,0
654411.1558969222,7556566.589512786,1356.189834438965,248,57,4,0
654387.4478560493,7556564.102750597,1357.5982806374589,248,57,4,0
654363.7398151761,7556561.615988407,1358.5651761547228,248,57,4,0
654339.9210349317,7556559.234739563,1358.9054466862704,248,57,4,0
654316.1022546871,7556556.85349072,1357.9987385907843,248,57,4,0
654292.1835067743,7556554.745996724,1355.9913354208186,248,57,4,0
654268.2647588614,7556552.638502727,1354.25724036754,248,57,4,0
654244.325165785,7556550.530205869,1352.4742237718738,248,57,4,0
654220.3855727087,7556548.421909011,1352.0744724998954,248,57,4,0
654196.4700716204,7556546.259645637,1352.1474078075958,248,57,4,0
654172.5545705324,7556544.097382264,1354.0954846195752,248,57,4,0
654148.0900903561,7556541.343992515,1356.5942094058194,248,57,4,0
654123.6256101795,7556538.590602766,1359.6979653441767,248,57,4,0
654098.5671802778,7556535.299284898,1363.7619448540402,248,57,4,0
654073.5087503761,7556532.007967028,1367.839810358971,248,57,4,0
654047.9926729174,7556528.689695883,1370.8079600428125,248,57,4,0
654022.4765954589,7556525.371424736,1372.609692966914,248,57,4,0
653996.160862068,7556522.508483525,1374.3533580477733,248,57,4,0
653969.8451286771,7556519.645542313,1376.109937530166,248,57,4,0
653943.1765308878,7556517.097170588,1378.2626589385773,248,57,4,0
653916.5079330986,7556514.548798863,1379.1661062616154,248,57,4,0
653889.8043421044,7556511.887164721,1379.570076190305,248,57,4,0
653863.10075111,7556509.2255305825,1379.6624022251285,248,57,4,0
653836.123682326,7556507.47008767,1378.9392775697745,248,57,4,0
653809.1466135422,7556505.714644757,1378.20147226296,248,57,4,0
653782.1695447583,7556503.959201847,1377.8512242299607,248,57,4,0
653755.1924759743,7556502.203758935,1377.1941805324545,248,57,4,0
653729.2463287964,7556503.276043758,1376.1756995465603,248,57,4,0
653703.3001816181,7556504.348328577,1376.2711099182552,248,57,4,0
653678.2716690126,7556506.481552922,1376.4865491564817,248,57,4,0
653653.2431564071,7556508.614777266,1376.7320323741856,248,57,4,0
653628.4734568939,7556511.6577523835,1376.909870074526,248,57,4,0
653462.909207561,7556545.27439784,1448.5014549274947,248,57,4,0
653440.5512823439,7556551.2844448,1457.2219218260445,248,57,4,0
653418.1933571268,7556557.29449176,1469.4906418712992,248,57,4,0
653395.8354319095,7556563.304538721,1482.4940817866504,248,57,4,0
653373.4775066924,7556569.314585681,1494.2585641429469,248,57,4,0
653352.3760780353,7556575.260564855,1501.1784157297473,248,57,4,0
653331.2746493786,7556581.206544029,1505.8418395640122,248,57,4,0
653311.6151233523,7556586.6947135925,1508.6155951420028,248,57,4,0
653291.9555973259,7556592.182883155,1509.604263535719,248,57,4,0
653272.2960712996,7556597.671052719,1508.6113155836506,248,57,4,0
653252.6365452731,7556603.159222282,1505.915769953873,248,57,4,0
653232.9770192468,7556608.647391844,1500.3538595340372,248,57,4,0
653213.3174932203,7556614.135561408,1494.7427000608814,248,57,4,0
653193.657967194,7556619.62373097,1491.2705486080622,248,57,4,0
653173.9984411675,7556625.111900533,1490.8683178675428,248,57,4,0
653155.7131199042,7556631.450834663,1491.2567022263158,248,57,4,0
653137.4277986407,7556637.789768793,1492.2171238671312,248,57,4,0
653117.2293674928,7556644.014885951,1493.3780965291096,248,57,4,0
653097.030936345,7556650.240003109,1494.2371003873113,248,57,4,0
653075.8863952346,7556657.638138328,1495.3783539673846,248,57,4,0
653054.7418541244,7556665.036273545,1496.9983427814734,248,57,4,0
653033.5973130141,7556672.4344087625,1498.455591449834,248,57,4,0
653012.4527719037,7556679.832543981,1500.3573303944088,248,57,4,0
652991.0135399636,7556688.330837746,1501.8843472046212,248,57,4,0
652969.5743080237,7556696.829131511,1503.6999873328105,248,57,4,0
652949.0232885752,7556706.888906074,1506.146019800759,248,57,4,0
652928.4722691269,7556716.9486806365,1509.1862905498685,248,57,4,0
652908.6256583472,7556728.503085016,1511.5602370986883,248,57,4,0
652888.7790475674,7556740.057489396,1514.527120992549,248,57,4,0
652869.1621232529,7556750.564493401,1517.8113062763266,248,57,4,0
652849.5451989385,7556761.071497406,1520.742952497682,248,57,4,0
652830.2962705996,7556771.0142752025,1523.5124346067719,248,57,4,0
652811.0473422608,7556780.957053001,1525.6434529198466,248,57,4,0
652791.7984139221,7556790.899830799,1527.9231122258004,248,57,4,0
652772.5494855831,7556800.842608596,1530.0715325438528,248,57,4,0
652753.1576295564,7556809.688003465,1532.2181047633233,248,57,4,0
652733.7657735297,7556818.533398334,1533.580860152477,248,57,4,0
652714.42189566,7556828.33154962,1535.5213106148167,248,57,4,0
652695.0780177903,7556838.1297009075,1536.9621963753107,248,57,4,0
652674.7348989961,7556846.137037035,1539.0210550407862,248,57,4,0
652654.3917802016,7556854.144373163,1540.716626595632,248,57,4,0
652634.1562124102,7556862.102545455,1542.7772302783692,248,57,4,0
652613.9206446187,7556870.0607177485,1545.3628807133675,248,57,4,0
652593.8951859048,7556878.702000868,1547.6995077107556,248,57,4,0
652573.8697271908,7556887.343283987,1549.998738545454,248,57,4,0
652554.1419475554,7556895.723385503,1554.0258896759326,248,57,4,0
652534.41416792,7556904.103487018,1557.4542509365556,248,57,4,0
652514.6863882847,7556912.4835885335,1560.637278766946,248,57,4,0
652494.9586086492,7556920.86369005,1564.241178234563,248,57,4,0
652475.3522129506,7556929.139705649,1567.8003853039922,248,57,4,0
652455.7458172521,7556937.415721246,1571.2483683928049,248,57,4,0
652435.6548092933,7556945.774969492,1574.451495036627,248,57,4,0
652415.5638013347,7556954.13421774,1578.4214358859274,248,57,4,0
652395.7783722039,7556962.623617569,1581.740717996914,248,57,4,0
652375.9929430734,7556971.113017398,1584.7163757820847,248,57,4,0
652356.3896761255,7556978.999051284,1587.6659185254628,248,57,4,0
652336.7864091776,7556986.885085171,1590.477211425371,248,57,4,0
652318.8447157759,7556994.441941718,1593.1389989640986,248,57,4,0
652300.903022374,7557001.998798262,1595.8104655356956,248,57,4,0
652282.9613289725,7557009.555654809,1597.7152642948847,248,57,4,0
652265.0196355708,7557017.112511354,1601.692883210282,248,57,4,0
652247.077942169,7557024.669367901,1604.7593693131266,248,57,4,0
652229.1362487674,7557032.226224448,1607.3407802302856,248,57,4,0
652782.2980279131,7556385.8194106165,1507.7514183045246,248,57,4,0
652803.2477254394,7556363.827876836,1501.2606800824765,248,57,4,0
652824.1974229657,7556341.8363430565,1492.8193705365293,248,57,4,0
652844.8122529148,7556318.819677672,1486.7758044005686,248,57,4,0
652865.4270828639,7556295.803012289,1478.9236943414853,248,57,4,0
652886.2822741342,7556272.968521117,1470.8618939308496,248,57,4,0
652907.1374654046,7556250.134029946,1465.592581784456,248,57,4,0
652927.935770209,7556226.514388298,1460.1806529661621,248,57,4,0
652948.7340750134,7556202.894746647,1455.834336822959,248,57,4,0
652969.9557534794,7556179.188887968,1453.5317440480253,248,57,4,0
652991.1774319455,7556155.483029286,1452.1006195928887,248,57,4,0
653012.4447749346,7556131.724328702,1452.4295755208211,248,57,4,0
653033.7121179238,7556107.96562812,1455.0251944383633,248,57,4,0
653055.2066065306,7556084.611791484,1458.4296841108146,248,57,4,0
653076.7010951374,7556061.257954847,1464.111892018246,248,57,4,0
653099.066692397,7556038.012216452,1471.8155720214686,248,57,4,0
653121.4322896566,7556014.766478058,1477.941813352758,248,57,4,0
653144.4760685051,7555992.064264983,1476.821726913497,248,57,4,0
653167.5198473537,7555969.362051909,1469.02575857038,248,57,4,0
653190.4953634333,7555946.767847829,1467.1655201615918,248,57,4,0
653213.4708795128,7555924.173643747,1470.3917613797285,248,57,4,0
653237.0272153832,7555902.005478857,1473.6741593531306,248,57,4,0
653260.5835512535,7555879.837313968,1471.5583850513094,248,57,4,0
653283.7237358977,7555857.309521386,1459.828939452625,248,57,4,0
653306.8639205418,7555834.781728805,1446.1999802458904,248,57,4,0
653326.6371350016,7555811.662271436,1437.3014602023886,248,57,4,0
652884.9686506228,7555831.848396316,1504.2635941421986,248,57,4,0
652866.8189898834,7555847.537223779,1500.7082808078549,248,57,4,0
652848.6693291442,7555863.226051241,1497.3419503132234,248,57,4,0
652853.7131406844,7555881.960204002,1491.7421160058288,248,57,4,0
652858.7569522245,7555900.694356765,1486.3778296960854,248,57,4,0
652868.1080072364,7555915.802611599,1482.0652918778376,248,57,4,0
652877.4590622481,7555930.910866433,1476.1943777659617,248,57,4,0
652886.81011726,7555946.019121265,1470.9932773938278,248,57,4,0
652896.1611722717,7555961.127376099,1466.0768897546275,248,57,4,0
652920.492611771,7555970.061278745,1460.5359726265451,248,57,4,0
652944.82405127,7555978.995181391,1459.106771907182,248,57,4,0
653005.8998982478,7555998.386151145,1464.6261795051053,248,57,4,0
653066.9757452254,7556017.7771208985,1470.2942082935433,248,57,4,0
653093.0463587963,7556024.135059322,1475.1780558655137,248,57,4,0
653119.1169723673,7556030.492997746,1478.1834745610724,248,57,4,0
653146.755451481,7556039.961482597,1479.2353303584355,248,57,4,0
653174.3939305946,7556049.429967443,1477.3695129041973,248,57,4,0
653201.6665065924,7556056.977961995,1473.9300368473191,248,57,4,0
653228.9390825903,7556064.525956544,1473.8923308126737,248,57,4,0
653255.6535336439,7556076.174979912,1472.1471405530176,248,57,4,0
653282.3679846977,7556087.82400328,1470.5574542713828,248,57,4,0
653312.1843012446,7556095.413331292,1468.5333160501057,248,57,4,0
653342.0006177914,7556103.002659301,1466.3351055631867,248,57,4,0
653371.7492822257,7556111.37072159,1463.5477649433967,248,57,4,0
653401.49794666,7556119.738783877,1460.201301292552,248,57,4,0
653431.4759233363,7556128.45643018,1456.4847873563117,248,57,4,0
653461.4539000125,7556137.174076484,1450.9121896873125,248,57,4,0
653491.6195585898,7556146.238836469,1442.450726482052,248,57,4,0
653521.7852171671,7556155.303596457,1432.5971465485209,248,57,4,0
653551.5877266339,7556164.850132389,1421.6854310292208,248,57,4,0
653581.3902361004,7556174.396668322,1410.922641291138,248,57,4,0
653611.5085035586,7556184.2421222385,1400.0036015530661,248,57,4,0
653641.6267710165,7556194.087576155,1389.081281971855,248,57,4,0
653672.1780954483,7556204.015544105,1379.2429557282514,248,57,4,0
653702.7294198797,7556213.943512056,1371.6990584215132,248,57,4,0
653733.4608525108,7556223.994743942,1366.6217770606795,248,57,4,0
653764.1922851418,7556234.045975829,1364.5099080536784,248,57,4,0
653794.7502129279,7556244.199306,1362.7495352769395,248,57,4,0
653825.3081407142,7556254.3526361715,1360.8196635516756,248,57,4,0
653855.6776412898,7556264.160260352,1358.8457447701774,248,57,4,0
653886.0471418654,7556273.967884536,1356.9233866238415,248,57,4,0
653915.9311552125,7556283.85887971,1355.5318297864715,248,57,4,0
653945.8151685596,7556293.749874887,1354.9539121697267,248,57,4,0
653975.088127424,7556303.381502585,1354.5999759905249,248,57,4,0
654004.3610862885,7556313.013130282,1353.902316961413,248,57,4,0
654033.0430543476,7556322.051375098,1352.520638400115,248,57,4,0
654061.7250224068,7556331.08961991,1350.4156998349113,248,57,4,0
654090.365027288,7556340.126012612,1349.005009687629,248,57,4,0
654119.0050321692,7556349.162405316,1348.490689875131,248,57,4,0
654147.5748428715,7556357.971797398,1348.9841410825825,248,57,4,0
654176.1446535741,7556366.781189484,1349.3451035697185,248,57,4,0
654204.0214332503,7556374.264776679,1349.7119383929567,248,57,4,0
654231.8982129266,7556381.748363874,1349.876377418804,248,57,4,0
654259.1110156397,7556388.46646857,1349.231915859116,248,57,4,0
654286.323818353,7556395.184573267,1348.2828166794675,248,57,4,0
654313.584662018,7556401.794433342,1346.822894197513,248,57,4,0
654340.845505683,7556408.40429342,1345.2749179731845,248,57,4,0
654368.1651562792,7556415.074147898,1344.7355707796355,248,57,4,0
654395.4848068755,7556421.744002373,1343.1354325704954,248,57,4,0
654422.894101396,7556428.308120542,1342.1810970595095,248,57,4,0
654450.3033959166,7556434.872238713,1341.2658093304628,248,57,4,0
654478.2216596664,7556441.299991158,1341.8044906753055,248,57,4,0
654506.1399234162,7556447.727743599,1342.2036930120025,248,57,4,0
654533.8184168907,7556453.974099062,1340.2971852612814,248,57,4,0
654561.4969103652,7556460.220454525,1338.648023898851,248,57,4,0
654590.752495714,7556466.618241307,1335.856844523463,248,57,4,0
654620.0080810627,7556473.01602809,1330.76339474283,248,57,4,0
654651.0929813995,7556479.189503858,1323.7694315188835,248,57,4,0
654682.1778817364,7556485.362979626,1318.8798743355867,248,57,4,0
654714.2266297848,7556491.818760392,1314.899082065395,248,57,4,0
654746.2753778332,7556498.27454116,1311.5011187522725,248,57,4,0
654778.893444815,7556505.324099137,1308.4162876261792,248,57,4,0
654811.5115117969,7556512.373657118,1307.7736802232055,248,57,4,0
654844.2761731885,7556520.103271899,1306.6158006163448,248,57,4,0
654877.0408345797,7556527.832886681,1307.1216185383826,248,57,4,0
654910.369408202,7556535.206339167,1306.493547652549,248,57,4,0
654943.6979818242,7556542.579791654,1308.0320899212775,248,57,4,0
654977.2986838325,7556549.244326987,1308.9559942461785,248,57,4,0
653439.7843785336,7558821.266428637,1289.144865621256,248,57,4,0
653418.7820162796,7558827.2446538815,1294.271760527517,248,57,4,0
653397.7796540257,7558833.222879123,1299.2800899086412,248,57,4,0
653376.7772917715,7558839.201104365,1303.1995571888112,248,57,4,0
653355.7749295175,7558845.179329609,1306.9923109959245,248,57,4,0
653336.4252485412,7558850.72613588,1310.757645848246,248,57,4,0
653317.0755675649,7558856.272942153,1314.2975921975135,248,57,4,0
653297.6437773992,7558862.150291868,1317.9827344004382,248,57,4,0
653278.2119872335,7558868.027641582,1321.0267452368225,248,57,4,0
653259.3247902386,7558874.217113264,1323.389651431852,248,57,4,0
653240.4375932438,7558880.406584945,1326.5739848165135,248,57,4,0
653221.1208903338,7558886.458946466,1329.8058434689842,248,57,4,0
653201.8041874237,7558892.511307986,1332.5572047852925,248,57,4,0
653182.426183545,7558898.895455997,1335.129656056047,248,57,4,0
653163.0481796665,7558905.2796040075,1337.4993411534886,248,57,4,0
653142.1886187793,7558912.385745016,1339.1172170216894,248,57,4,0
653121.3290578921,7558919.4918860225,1340.340066094875,248,57,4,0
653100.469497005,7558926.598027031,1341.7634766915144,248,57,4,0
653079.6099361178,7558933.7041680375,1343.451764434571,248,57,4,0
653058.4655963115,7558939.648643693,1347.0891907000528,248,57,4,0
653037.3212565053,7558945.593119347,1350.0252811862806,248,57,4,0
653016.6649873941,7558951.399455353,1353.2887428720933,248,57,4,0
652996.0087182828,7558957.205791358,1357.019205420459,248,57,4,0
652975.6217714407,7558961.296805924,1360.9302233344395,248,57,4,0
652955.234824599,7558965.38782049,1363.6859208867675,248,57,4,0
652935.5147525674,7558963.541754175,1368.0303632833431,248,57,4,0
652915.7946805358,7558961.695687858,1373.4546367946582,248,57,4,0
652899.1135842592,7558956.7911002785,1377.5653670192914,248,57,4,0
652882.4324879826,7558951.886512698,1382.1247583444504,248,57,4,0
652866.824534539,7558942.968234773,1385.207877556207,248,57,4,0
652851.2165810957,7558934.049956845,1388.6398802101874,248,57,4,0
652750.5049197078,7558792.672193164,1382.8833222125324,248,57,4,0
652738.8376974014,7558772.803077632,1383.7287207196887,248,57,4,0
652727.1704750953,7558752.933962096,1385.9479017579486,248,57,4,0
652725.3577489774,7558723.8342455635,1386.336053091174,248,57,4,0
652723.5450228596,7558694.734529032,1387.9259213568719,248,57,4,0
652742.4364867188,7558636.981882817,1390.3440527006387,248,57,4,0
652761.3279505782,7558579.229236601,1394.334305843011,248,57,4,0
652764.5844163545,7558551.157512296,1400.159795656168,248,57,4,0
652767.840882131,7558523.085787993,1407.7189292475284,248,57,4,0
652771.548881894,7558495.487840352,1414.0814871891398,248,57,4,0
652775.2568816568,7558467.88989271,1421.2983410710153,248,57,4,0
652779.884761472,7558442.357718398,1425.8016166461587,248,57,4,0
652784.5126412873,7558416.8255440835,1428.8148380419468,248,57,4,0
652789.3623592418,7558390.021786135,1430.2046131059399,248,57,4,0
652794.2120771965,7558363.218028184,1430.1938304195571,248,57,4,0
652802.7152005518,7558338.810428913,1429.0956101286413,248,57,4,0
652811.2183239071,7558314.4028296415,1426.5711974280832,248,57,4,0
652822.3099726262,7558291.7135511525,1424.3173596180404,248,57,4,0
652833.4016213452,7558269.024272663,1421.4493676219088,248,57,4,0
652846.1309332175,7558248.611201435,1418.2411761214285,248,57,4,0
652858.8602450896,7558228.198130207,1415.2662170558624,248,57,4,0
652840.7337002284,7558554.184704508,1394.0751595287304,248,57,4,0
652866.6804931934,7558545.731309791,1392.4102179587371,248,57,4,0
652893.4341246007,7558538.443727404,1389.8220166433334,248,57,4,0
652920.187756008,7558531.156145018,1385.8375845304624,248,57,4,0
652948.352576339,7558525.740798194,1382.6044333254229,248,57,4,0
652976.5173966701,7558520.325451371,1379.8672380548535,248,57,4,0
653007.0935321393,7558519.244132453,1377.0834216549938,248,57,4,0
653037.6696676089,7558518.162813534,1375.6398706191626,248,57,4,0
653068.1894375884,7558518.028497162,1373.0954811171498,248,57,4,0
653098.7092075679,7558517.894180791,1368.005916282376,248,57,4,0
653130.3396921396,7558520.117214858,1361.1657457228744,248,57,4,0
653161.9701767114,7558522.340248921,1356.4888931618464,248,57,4,0
653193.3769854124,7558523.76864612,1353.6497262047487,248,57,4,0
653224.7837941134,7558525.197043318,1352.4566276570868,248,57,4,0
653256.0708928035,7558525.836994778,1350.0242441817438,248,57,4,0
653287.3579914935,7558526.476946238,1345.1358661566906,248,57,4,0
653319.2560703417,7558527.712796336,1335.105104733278,248,57,4,0
653351.1541491899,7558528.948646434,1321.494748406392,248,57,4,0
653383.3248993146,7558529.810561857,1311.3569022804113,248,57,4,0
653415.4956494392,7558530.6724772835,1303.5561940451194,248,57,4,0
653447.9365724287,7558531.551361018,1297.3474147508934,248,57,4,0
653480.3774954182,7558532.43024475,1290.527455026763,248,57,4,0
653513.3687448014,7558533.175297502,1284.8865825476835,248,57,4,0
653546.3599941846,7558533.920350255,1278.6284728010726,248,57,4,0
653580.2781976727,7558534.163128423,1273.1308440959297,248,57,4,0
